,GRAVEDAD,FECHA,AÑO,HORA,JORNADA,DIA_SEMANA,BARRIO-CORREGIMIENTO-VIA,DIRECCION,ZONA,AUTORIDAD,LAT,LONG,HIPOTESIS,CONDICION_VICTIMA,TIPO_ACCIDENTE,GENERO,LESIONADO,CLINICA,CLASE_VEHICULO,MARCA,MATRICULA,TIPO DE SERVICIO,EMPRESA,HOMICIDIOS
159,HERIDOS,2022-01-25,2022,17:50,TARDE,MARTES,TREBOL,CALLE 26 CARRERA 21,URBANA,TECNICO,3.52255,-76.29344,DESOBEDESER SEÑAL,NO APLICA,CHOQUE,FEMENINA,NO APLICA,NO APLICA,AUTOMOVIL,CHEVROLET,CALI,PARTICULAR,NO APLICA,0
160,HERIDOS,2022-01-25,2022,17:50,TARDE,MARTES,TREBOL,CALLE 26 CARRERA 21,URBANA,TECNICO,3.52255,-76.29344,DESOBEDESER SEÑAL,MOTOCICLISTA,CHOQUE,MASCULINO,LESIONADO,PALMIRA,MOTO,DAYOHN,GUACARI,PARTICULAR,NO APLICA,0
161,HERIDOS,2022-01-27,2022,06:30,MAÑANA,JUEVES,TRINIDAD,CALLE 28 CARRERA 24,URBANA,TECNICO,3.52152,-76.2959,NO ESTAR PENDIENTE DE LA VIA,NO APLICA,CHOQUE,MASCULINO,NO APLICA,NO APLICA,CAMION,CHEVROLET,FUNZA,PUBLICO,NO APLICA,0
162,MUERTO,2022-01-27,2022,06:30,MAÑANA,JUEVES,TRINIDAD,CALLE 28 CARRERA 24,URBANA,TECNICO,3.52152,-76.2959,NO ESTAR PENDIENTE DE LA VIA,CICLISTA,CHOQUE,MASCULINO,MUERTO,PALMIRA,BICICLETA,NO APLICA,NO APLICA,PARTICULAR,NO APLICA,1
163,DAÑOS,2022-01-26,2022,15:45,TARDE,MIERCOLES,VERSALLES,CALLE 42 CARRERA 28,URBANA,TECNICO,3.53786,-76.29728,ADELANTAR CERRANDO,NO APLICA,CHOQUE,MASCULINO,NO APLICA,NO APLICA,CAMION,INTERNATIONAL,CALI,PUBLICO,NO APLICA,0
164,DAÑOS,2022-01-26,2022,15:45,TARDE,MIERCOLES,VERSALLES,CALLE 42 CARRERA 28,URBANA,TECNICO,3.53786,-76.29728,ADELANTAR CERRANDO,NO APLICA,CHOQUE,MASCULINO,NO APLICA,NO APLICA,AUTOMOVIL,CHEVROLET,CALI,PARTICULAR,NO APLICA,0
165,HERIDOS,2022-01-26,2022,15:30,TARDE,MIERCOLES,SAN PEDRO,CARRERA 19 CALLE 37,URBANA,TECNICO,3.53276,-76.2905,GIRAR EN U,MOTOCICLISTA,CHOQUE,MASCULINO,LESIONADO,FRACTURAS,MOTO,VICTORY,FLORIDA,PARTICULAR,NO APLICA,0
166,HERIDOS,2022-01-26,2022,15:30,TARDE,MIERCOLES,SAN PEDRO,CARRERA 19 CALLE 37,URBANA,TECNICO,3.53276,-76.2905,GIRAR EN U,NO APLICA,CHOQUE,MASCULINO,NO APLICA,NO APLICA,AUTOMOVIL,CHEVROLET,CALI,PARTICULAR,NO APLICA,0
167,HERIDOS,2022-01-26,2022,22:10,NOCHE,MIERCOLES,MUNICIPAL,CARRERA 1 CALLE 31A-32,URBANA,TECNICO,3.52573,-76.27796,ADELANTAR ZONA PROHIBIDAD,MOTOCICLISTA,CHOQUE,MASCULINO,LESIONADO,PALMIRA,MOTO,HONDA,FLORIDA,PARTICULAR,NO APLICA,0
168,HERIDOS,2022-01-26,2022,22:10,NOCHE,MIERCOLES,MUNICIPAL,CARRERA 1 CALLE 31A-32,URBANA,TECNICO,3.52573,-76.27796,ADELANTAR ZONA PROHIBIDAD,MOTOCICLISTA,CHOQUE,MASCULINO,LESIONADO,PALMIRA,MOTO,AUTECO,GUAVIARES,PARTICULAR,NO APLICA,0
169,HERIDOS,2022-01-27,2022,17:00,TARDE,JUEVES,BIZERTA,CALLE 36 CARRERA 21,URBANA,TECNICO,3.53202,-76.29231,DESOBEDESER SEÑAL,NO APLICA,CHOQUE,MASCULINO,NO APLICA,NO APLICA,MOTO,HONDA,GUACARI,PARTICULAR,NO APLICA,0
170,HERIDOS,2022-01-27,2022,17:00,TARDE,JUEVES,BIZERTA,CALLE 36 CARRERA 21,URBANA,TECNICO,3.53202,-76.29231,DESOBEDESER SEÑAL,MOTOCICLISTA,CHOQUE,MASCULINO,LESIONADO,PALMIRA,MOTO,SUZUKI,TULUA,PARTICULAR,NO APLICA,0
171,HERIDOS,2022-01-28,2022,11:00,MAÑANA,VIERNES,SAN PEDRO,CARRERA 19 CALLE 39,URBANA,TECNICO,3.53465,-76.29056,GIRAR BRUSCAMENTE,NO APLICA,CHOQUE,MASCULINO,NO APLICA,NO APLICA,AUTOMOVIL,KIA,PALMIRA,PUBLICO,COOP TRANS PALMERAS,0
172,HERIDOS,2022-01-28,2022,11:00,MAÑANA,VIERNES,SAN PEDRO,CARRERA 19 CALLE 39,URBANA,TECNICO,3.53465,-76.29056,GIRAR BRUSCAMENTE,MOTOCICLISTA,CHOQUE,MASCULINO,LESIONADO,PALMIRA,MOTO,YAMAHA,GUACARI,PARTICULAR,NO APLICA,0
173,DAÑOS,2022-01-28,2022,13:24,TARDE,VIERNES,VERSALLES,CALLE 42 CARRERA 28,URBANA,TECNICO,3.53808,-76.29706,SEMAFORO EN ROJO,NO APLICA,CHOQUE,MASCULINO,NO APLICA,NO APLICA,MOTO,AKT,PALMIRA,PARTICULAR,NO APLICA,0
174,DAÑOS,2022-01-28,2022,13:24,TARDE,VIERNES,VERSALLES,CALLE 42 CARRERA 28,URBANA,TECNICO,3.53808,-76.29706,SEMAFORO EN ROJO,NO APLICA,CHOQUE,MASCULINO,NO APLICA,NO APLICA,CAMIONETA,SSANGYONGG,CALI,PARTICULAR,NO APLICA,0
175,HERIDOS,2022-01-28,2022,17:00,TARDE,VIERNES,URIBE,CALLE 33 CARRERA 21,URBANA,TECNICO,3.52946,-76.29262,DESOBEDESER SEÑAL,MOTOCICLISTA,CHOQUE,MASCULINO,LESIONADO,PALMIRA,MOTO,HONDA,FLORIDA,PARTICULAR,NO APLICA,0
176,HERIDOS,2022-01-28,2022,17:00,TARDE,VIERNES,URIBE,CALLE 33 CARRERA 21,URBANA,TECNICO,3.52946,-76.29262,DESOBEDESER SEÑAL,NO APLICA,CHOQUE,MASCULINO,NO APLICA,NO APLICA,CAMIONETA,CHEVROLET,CALI,PARTICULAR,NO APLICA,0
177,DAÑOS,2022-01-28,2022,17:30,TARDE,VIERNES,SAN PEDRO,CALLE 38 CARRERA 19-16,URBANA,TECNICO,3.5338,-76.29091,TRANSITAR CON A SPUERTAS ABIERTAS,NO APLICA,CHOQUE VEHICULO ESTACIONADO,MASCULINO,NO APLICA,NO APLICA,AUTOMOVIL,KIA,COTA,PARTICULAR,NO APLICA,0
178,DAÑOS,2022-01-28,2022,17:30,TARDE,VIERNES,SAN PEDRO,CALLE 38 CARRERA 19-16,URBANA,TECNICO,3.5338,-76.29091,TRANSITAR CON A SPUERTAS ABIERTAS,NO APLICA,CHOQUE VEHICULO ESTACIONADO,MASCULINO,NO APLICA,NO APLICA,CAMIONETA,CHEVROLET,CHIA,PUBLICO,NO APLICA,0
179,DAÑOS,2022-01-28,2022,18:00,NOCHE,VIERNES,SAN PEDRO,CARRERA 19 CALLE 35-27,URBANA,TECNICO,3.53127,-76.29048,NO ESTAR PENDIENTE DE LA VIA,NO APLICA,CHOQUE,MASCULINO,NO APLICA,NO APLICA,AUTOMOVIL,HYUNDAI,CALI,PARTICULAR,NO APLICA,0
180,DAÑOS,2022-01-28,2022,18:00,NOCHE,VIERNES,SAN PEDRO,CARRERA 19 CALLE 35-27,URBANA,TECNICO,3.53127,-76.29048,NO ESTAR PENDIENTE DE LA VIA,NO APLICA,CHOQUE,MASCULINO,NO APLICA,NO APLICA,MOTO,YAMAHA,FLORIDA BLANCA,PARTICULAR,NO APLICA,0
181,HERIDOS,2022-01-29,2022,03:40,MADRUGADA,SABADO,MIRRIÑAO,CARRERA 28 CALLE 53 -54,URBANA,TECNICO,3.54629,-76.29595,FALLAS EN EL VEHICULO,MOTOCICLISTA,VOLCAMIENTO,MASCULINO,LESIONADO,PALMA,MOTO,YAMAHA,GUACARI,PARTICULAR,NO APLICA,0
182,HERIDOS,2022-01-29,2022,03:40,MADRUGADA,SABADO,MIRRIÑAO,CARRERA 28 CALLE 53 -54,URBANA,TECNICO,3.54629,-76.29595,FALLAS EN EL VEHICULO,ACOMPAÑANTE MOTOCICLISTA,VOLCAMIENTO,FEMENINA,LESIONADO,PALMA,NO APLICA,NO APLICA,NO APLICA,NO APLICA,NO APLICA,0
183,DAÑOS,2022-01-29,2022,11:10,MAÑANA,SABADO,CENTRO,CALLE 28 CARRERA 27,URBANA,TECNICO,3.52516,-76.29843,ADELANTAR POR LA DERECHA,NO APLICA,CHOQUE,MASCULINO,NO APLICA,NO APLICA,AUTOMOVIL,HYUNDAI,PALMIRA,PUBLICO,NO APLICA,0
184,DAÑOS,2022-01-29,2022,11:10,MAÑANA,SABADO,CENTRO,CALLE 28 CARRERA 27,URBANA,TECNICO,3.52516,-76.29843,ADELANTAR POR LA DERECHA,NO APLICA,CHOQUE,MASCULINO,NO APLICA,NO APLICA,AUTOMOVIL,KIA,CALI,PARTICULAR,NO APLICA,0
185,DAÑOS,2022-01-29,2022,12:30,TARDE,SABADO,SANTA ANA,CALLE 35 CARRERA 49-50,URBANA,TECNICO,3.53211,-76.31743,NO ESTAR PENDIENTE DE LA VIA,NO APLICA,CHOQUE,MASCULINO,NO APLICA,NO APLICA,CAMIONETA,KIA,BOGOTA,PARTICULAR,NO APLICA,0
186,DAÑOS,2022-01-29,2022,12:30,TARDE,SABADO,SANTA ANA,CALLE 35 CARRERA 49-50,URBANA,TECNICO,3.53211,-76.31743,NO ESTAR PENDIENTE DE LA VIA,NO APLICA,CHOQUE,MASCULINO,NO APLICA,NO APLICA,CAMPERO,TOYOTA,PALMIRA,OFICIAL,NO APLICA,0
187,DAÑOS,2022-01-29,2022,13:30,TARDE,SABADO,ZAMORANO,CALLE 64 CARRERA 34E,URBANA,TECNICO,3.55364,-76.3046,NO MANTENER DISTANCIA SEGURIDAD,NO APLICA,CHOQUE,MASCULINO,NO APLICA,NO APLICA,MOTO,HONDA,FLORIDA,PARTICULAR,NO APLICA,0
188,DAÑOS,2022-01-29,2022,13:30,TARDE,SABADO,ZAMORANO,CALLE 64 CARRERA 34E,URBANA,TECNICO,3.55364,-76.3046,NO MANTENER DISTANCIA SEGURIDAD,NO APLICA,CHOQUE,FEMENINA,NO APLICA,NO APLICA,MOTO,TVS,HUILA,PARTICULAR,NO APLICA,0
189,DAÑOS,2022-01-29,2022,13:40,TARDE,SABADO,URIBE,CALLE 35 CARRERA 22,URBANA,TECNICO,3.53133,-76.29325,DESOBEDESER SEÑAL,NO APLICA,CHOQUE,MASCULINO,NO APLICA,NO APLICA,AUTOMOVIL,KIA,TULUA,PARTICULAR,NO APLICA,0
190,DAÑOS,2022-01-29,2022,13:40,TARDE,SABADO,URIBE,CALLE 35 CARRERA 22,URBANA,TECNICO,3.53133,-76.29325,DESOBEDESER SEÑAL,NO APLICA,CHOQUE,MASCULINO,NO APLICA,NO APLICA,AUTOMOVIL,CHEVROLET,PALMIRA,PARTICULAR,NO APLICA,0
191,DAÑOS,2022-01-30,2022,11:20,MAÑANA,DOMINGO,ESTONIA,CALLE 45 CARRERA 31-80,URBANA,TECNICO,3.5404,-76.30029,POR ESTABLECER,NO APLICA,CHOQUE VEHICULO ESTACIONADO,FEMENINA,NO APLICA,NO APLICA,AUTOMOVIL,CHEVROLET,CALI,PARTICULAR,NO APLICA,0
192,DAÑOS,2022-01-30,2022,19:10,NOCHE,DOMINGO,RIVERA ESCOBAR,CARRERA 35 CALLE 32A,URBANA,TECNICO,3.53036,-76.3054,PONER EN MARCHA VEHICULO SIN PRECAUCION,NO APLICA,CHOQUE,MASCULINO,NO APLICA,NO APLICA,AUTOMOVIL,RENAULT,ZIPAQUIRA,PARTICULAR,NO APLICA,0
193,DAÑOS,2022-01-30,2022,19:10,NOCHE,DOMINGO,RIVERA ESCOBAR,CARRERA 35 CALLE 32A,URBANA,TECNICO,3.53036,-76.3054,PONER EN MARCHA VEHICULO SIN PRECAUCION,NO APLICA,CHOQUE,MASCULINO,NO APLICA,NO APLICA,AUTOMOVIL,KIA,PALMIRA,PARTICULAR,NO APLICA,0
194,DAÑOS,2022-01-31,2022,16:50,TARDE,LUNES,SANTA RITA,CARRERA 28 CALLE 39-20,URBANA,TECNICO,3.53593,-76.29757,NO MANTENER DISTANCIA SEGURIDAD,NO APLICA,CHOQUE,MASCULINO,NO APLICA,NO APLICA,AUTOMOVIL,RENAULT,CALI,PARTICULAR,NO APLICA,0
195,DAÑOS,2022-01-31,2022,16:50,TARDE,LUNES,SANTA RITA,CARRERA 28 CALLE 39-20,URBANA,TECNICO,3.53593,-76.29757,NO MANTENER DISTANCIA SEGURIDAD,NO APLICA,CHOQUE,FEMENINA,NO APLICA,NO APLICA,MOTO,VICTORY,FLORIDA,PARTICULAR,NO APLICA,0
196,DAÑOS,2022-01-31,2022,16:50,TARDE,LUNES,INDUSTRIAL,CALLE 42 CARRERA 35,URBANA,TECNICO,3.53898,-76.30646,NO RESPETAR PRELACION,NO APLICA,CHOQUE,MASCULINO,NO APLICA,NO APLICA,CAMIONETA,NISSAN,BOGOTA,PARTICULAR,NO APLICA,0
197,DAÑOS,2022-01-31,2022,16:50,TARDE,LUNES,INDUSTRIAL,CALLE 42 CARRERA 35,URBANA,TECNICO,3.53898,-76.30646,NO RESPETAR PRELACION,NO APLICA,CHOQUE,MASCULINO,NO APLICA,NO APLICA,AUTOMOVIL,KIA,PALMIRA,PUBLICO,COOTRANSPAL,0
198,DAÑOS,2022-02-01,2022,12:30,TARDE,MARTES,INDUSTRIAL,CALLE 42 CARRERA35,URBANA,TECNICO,3.53873,-76.30612,ARRANCAR SIN PRECAUCION,NO APLICA,CHOQUE,MASCULINO,NO APLICA,NO APLICA,CAMIONETA,KIA,CALI,PARTICULAR,NO APLICA,0
199,DAÑOS,2022-02-01,2022,12:30,TARDE,MARTES,INDUSTRIAL,CALLE 42 CARRERA35,URBANA,TECNICO,3.53873,-76.30612,ARRANCAR SIN PRECAUCION,NO APLICA,CHOQUE,MASCULINO,NO APLICA,NO APLICA,MAQUINARIA,KOMATSU,PALMIRA,PARTICULAR,NO APLICA,0
200,DAÑOS,2022-02-02,2022,07:30,MAÑANA,MIERCOLES,FRAY LUIS AMIGO,CALLE 42 CARRERA 49,URBANA,TECNICO,3.53698,-76.31985,TRANSITAR EN CONTRA VIA,NO APLICA,CHOQUE,MASCULINO,NO APLICA,NO APLICA,CAMIONETA,RENAULT,PALMIRA,PARTICULAR,NO APLICA,0
201,DAÑOS,2022-02-02,2022,07:30,MAÑANA,MIERCOLES,FRAY LUIS AMIGO,CALLE 42 CARRERA 49,URBANA,TECNICO,3.53698,-76.31985,TRANSITAR EN CONTRA VIA,NO APLICA,CHOQUE,MASCULINO,NO APLICA,NO APLICA,MOTO,SUZUKI,CARTAGO,PARTICULAR,NO APLICA,0
202,DAÑOS,2022-02-02,2022,07:30,MAÑANA,MIERCOLES,URIBE,CALLE 35 CARRERA 20,URBANA,TECNICO,3.53112,-76.29156,DESOBEDESER SEÑAL,NO APLICA,CHOQUE,MASCULINO,NO APLICA,NO APLICA,AUTOMOVIL,DAEWOO,JAMUNDI,PARTICULAR,NO APLICA,0
203,DAÑOS,2022-02-02,2022,07:30,MAÑANA,MIERCOLES,URIBE,CALLE 35 CARRERA 20,URBANA,TECNICO,3.53112,-76.29156,DESOBEDESER SEÑAL,NO APLICA,CHOQUE,MASCULINO,NO APLICA,NO APLICA,AUTOMOVIL,RENAULT,CALI,PARTICULAR,NO APLICA,0
204,DAÑOS,2022-02-02,2022,09:00,MAÑANA,MIERCOLES,BARRIO NUEVO,CARRERA 30 CALLE 20,URBANA,TECNICO,3.51879,-76.30223,DESOBEDESER SEÑAL,NO APLICA,CHOQUE,MASCULINO,NO APLICA,NO APLICA,MOTO,VICTORY,FLORIDA,PARTICULAR,NO APLICA,0
205,DAÑOS,2022-02-02,2022,09:00,MAÑANA,MIERCOLES,BARRIO NUEVO,CARRERA 30 CALLE 20,URBANA,TECNICO,3.51879,-76.30223,DESOBEDESER SEÑAL,NO APLICA,CHOQUE,MASCULINO,NO APLICA,NO APLICA,AUTOMOVIL,CHEVROLET,CALI,PARTICULAR,NO APLICA,0
206,HERIDOS,2022-02-02,2022,12:00,TARDE,MIERCOLES,RIVERA ESCOBAR,CALLE 31 CARRERA 34-35,URBANA,TECNICO,3.52888,-76.30521,ABRIR LA PUERTA,MOTOCICLISTA,CHOQUE,MASCULINO,LESIONADO,PALMIRA,MOTO,YAMAHA,PRADERA,PARTICULAR,NO APLICA,0
207,HERIDOS,2022-02-02,2022,12:00,TARDE,MIERCOLES,RIVERA ESCOBAR,CALLE 31 CARRERA 34-35,URBANA,TECNICO,3.52888,-76.30521,ABRIR LA PUERTA,NO APLICA,CHOQUE,MASCULINO,NO APLICA,NO APLICA,CAMIONETA,MAZDA,CALI,PARTICULAR,NO APLICA,0
208,HERIDOS,2022-02-02,2022,18:40,NOCHE,MIERCOLES,COLOMBIA,CALLE 35 CARRERA 31,URBANA,TECNICO,3.53237,-76.3008,DESOBEDESER SEÑAL,MOTOCICLISTA,CHOQUE,MASCULINO,LESIONADO,PALMIRA,MOTO,BAJAJ,GINEBRA,PARTICULAR,NO APLICA,0
209,HERIDOS,2022-02-02,2022,18:40,NOCHE,MIERCOLES,COLOMBIA,CALLE 35 CARRERA 31,URBANA,TECNICO,3.53237,-76.3008,DESOBEDESER SEÑAL,NO APLICA,CHOQUE,MASCULINO,NO APLICA,NO APLICA,AUTOMOVIL,NISSAN,MANIZALES,PARTICULAR,NO APLICA,0
210,HERIDOS,2022-02-02,2022,18:40,NOCHE,MIERCOLES,COLOMBIA,CALLE 35 CARRERA 31,URBANA,TECNICO,3.53237,-76.3008,DESOBEDESER SEÑAL,ACOMPAÑANTE MOTOCICLISTA,CHOQUE,FEMENINA,LESIONADO,PALMIRA,NO APLICA,NO APLICA,NO APLICA,NO APLICA,NO APLICA,0
211,HERIDOS,2022-02-02,2022,20:15,NOCHE,MIERCOLES,MERCEDES,CALLE 57 DIAGONAL 28A,URBANA,TECNICO,3.5474,-76.29435,GIRAR BRUSCAMENTE,MOTOCICLISTA,CHOQUE,MASCULINO,LESIONADO,RAUL,MOTO,YAMAHA,CIRCASIA,PARTICULAR,NO APLICA,0
212,HERIDOS,2022-02-02,2022,20:15,NOCHE,MIERCOLES,MERCEDES,CALLE 57 DIAGONAL 28A,URBANA,TECNICO,3.5474,-76.29435,GIRAR BRUSCAMENTE,NO APLICA,CHOQUE,MASCULINO,NO APLICA,NO APLICA,CAMIONETA,VOLVO,CALI,PARTICULAR,NO APLICA,0
213,DAÑOS,2022-02-03,2022,07:10,MAÑANA,JUEVES,SANTA BARBARA,CALLE 31 CARRERA 43 -41,URBANA,TECNICO,3.53001,-76.31343,ADELANTAR POR LA DERECHA,NO APLICA,CHOQUE,FEMENINA,NO APLICA,NO APLICA,AUTOMOVIL,HYUNDAI,PALMIRA,PARTICULAR,NO APLICA,0
214,DAÑOS,2022-02-03,2022,07:10,MAÑANA,JUEVES,SANTA BARBARA,CALLE 31 CARRERA 43 -41,URBANA,TECNICO,3.53001,-76.31343,ADELANTAR POR LA DERECHA,NO APLICA,CHOQUE,MASCULINO,NO APLICA,NO APLICA,BUS,INTERNATIONAL,GUACARI,PUBLICO,NO APLICA,0
215,DAÑOS,2022-02-03,2022,12:30,TARDE,JUEVES,CENTRO,CALLE 27 CARRERA 30,URBANA,TECNICO,3.52472,-76.3012,DESOBEDESER SEÑAL,NO APLICA,CHOQUE,MASCULINO,NO APLICA,NO APLICA,CAMIONETA,RENAULT,GUACARI,PARTICULAR,NO APLICA,0
216,DAÑOS,2022-02-03,2022,12:30,TARDE,JUEVES,CENTRO,CALLE 27 CARRERA 30,URBANA,TECNICO,3.52472,-76.3012,DESOBEDESER SEÑAL,NO APLICA,CHOQUE,MASCULINO,NO APLICA,NO APLICA,MOTO,JIALING,GUACARI,PARTICULAR,NO APLICA,0
217,DAÑOS,2022-02-04,2022,06:50,MAÑANA,VIERNES,VIA AEROPUERTO ZONA FRANCA PALMASECA,POSTE 1420,RURAL,TECNICO,3.53809,-76.38908,REALIZAR U,NO APLICA,CHOQUE,MASCULINO,NO APLICA,NO APLICA,MOTO,BAJAJ,FLORIDA,PARTICULAR,NO APLICA,0
218,DAÑOS,2022-02-04,2022,06:50,MAÑANA,VIERNES,VIA AEROPUERTO ZONA FRANCA PALMASECA,POSTE 1420,RURAL,TECNICO,3.53809,-76.38908,REALIZAR U,NO APLICA,CHOQUE,MASCULINO,NO APLICA,NO APLICA,AUTOMOVIL,CHEVROLET,ENVIGADO,PARTICULAR,NO APLICA,0
219,DAÑOS,2022-02-04,2022,17:50,TARDE,VIERNES,CENTRO,CALLE 32 CARRERA 26,URBANA,TECNICO,3.5285,-76.29691,ARRANCAR SIN PRECAUCION,NO APLICA,CHOQUE,MASCULINO,NO APLICA,NO APLICA,AUTOMOVIL,CHEVROLET,GUACARI,PARTICULAR,NO APLICA,0
220,DAÑOS,2022-02-04,2022,17:50,TARDE,VIERNES,CENTRO,CALLE 36 CARRERA 26,URBANA,TECNICO,3.5285,-76.29691,ARRANCAR SIN PRECAUCION,NO APLICA,CHOQUE,MASCULINO,NO APLICA,NO APLICA,MOTO,VICTORY,FLORIDA,PARTICULAR,NO APLICA,0
221,HERIDOS,2022-02-05,2022,05:30,MADRUGADA,SABADO,ITALIA,TRASNVERSAL 30 CALLE 7E-8E,URBANA,TECNICO,3.5061,-76.30292,CRUZAR SIN OBSERVAR,MOTOCICLISTA,ATROPELLO,MASCULINO,LESIONADO,PALMIRA,MOTO,AKT,PRADERA,PARTICULAR,NO APLICA,0
222,HERIDOS,2022-02-05,2022,05:30,MADRUGADA,SABADO,ITALIA,TRASNVERSAL 30 CALLE 7E-8E,URBANA,TECNICO,3.5061,-76.30292,CRUZAR SIN OBSERVAR,PEATON,ATROPELLO,MASCULINO,LESIONADO,PALMIRA,NO APLICA,NO APLICA,NO APLICA,NO APLICA,NO APLICA,0
223,HERIDOS,2022-02-05,2022,05:30,MADRUGADA,SABADO,ITALIA,TRASNVERSAL 30 CALLE 7E-8E,URBANA,TECNICO,3.5061,-76.30292,CRUZAR SIN OBSERVAR,PEATON,ATROPELLO,MASCULINO,LESIONADO,PALMIRA,NO APLICA,NO APLICA,NO APLICA,NO APLICA,NO APLICA,0
224,HERIDOS,2022-02-05,2022,13:50,TARDE,SABADO,INDUSTRIAL,CALLE 42 CARRERA 34,URBANA,TECNICO,3.5386,-76.30273,ARRANCAR SIN PRECAUCION,MOTOCICLISTA,CHOQUE,MASCULINO,LESIONADO,PALMA,MOTO,SUZUKI,CARTAGO,PARTICULAR,NO APLICA,0
225,HERIDOS,2022-02-05,2022,13:50,TARDE,SABADO,INDUSTRIAL,CALLE 42 CARRERA 34,URBANA,TECNICO,3.5386,-76.30273,ARRANCAR SIN PRECAUCION,NO APLICA,CHOQUE,MASCULINO,NO APLICA,NO APLICA,AUTOMOVIL,MAZDA,CALI,PARTICULAR,NO APLICA,0
226,HERIDOS,2022-02-05,2022,16:50,TARDE,SABADO,CENTRO,CARRERA 29 CALLE 26,URBANA,TECNICO,3.52372,-76.30033,CRUZAR SIN OBSERVAR,NO APLICA,ATROPELLO,MASCULINO,NO APLICA,NO APLICA,MOTO,HONDA,FLORIDA,PARTICULAR,NO APLICA,0
227,HERIDOS,2022-02-05,2022,16:50,TARDE,SABADO,CENTRO,CARRERA 29 CALLE 26,URBANA,TECNICO,3.52372,-76.30033,CRUZAR SIN OBSERVAR,PEATON,ATROPELLO,FEMENINA,LESIONADO,PALMIRA,NO APLICA,NO APLICA,NO APLICA,NO APLICA,NO APLICA,0
228,DAÑOS,2022-02-07,2022,08:10,MAÑANA,LUNES,SESQUI,CALLE 11 CARRERA 24-05,URBANA,TECNICO,3.5098,-76.29606,NO MANTENER DISTANCIA SEGURIDAD,NO APLICA,CHOQUE,MASCULINO,NO APLICA,NO APLICA,AUTOMOVIL,CHEVROLET,PALMIRA,PARTICULAR,NO APLICA,0
229,DAÑOS,2022-02-07,2022,08:10,MAÑANA,LUNES,SESQUI,CALLE 11 CARRERA 24-05,URBANA,TECNICO,3.5098,-76.29606,NO MANTENER DISTANCIA SEGURIDAD,NO APLICA,CHOQUE,MASCULINO,NO APLICA,NO APLICA,CAMIONETA,CHEVROLET,SABANETA,PARTICULAR,NO APLICA,0
230,DAÑOS,2022-02-07,2022,09:40,MAÑANA,LUNES,PORTAL,CARRERA 45A CALLE 49-44,URBANA,TECNICO,3.54369,-76.31716,NO SABER MANIOBRAR EN UNA SITUACION DE PELIGRO,NO APLICA,CHOQUE,MASCULINO,NO APLICA,NO APLICA,MOTO,AKT,PRADERA,PARTICULAR,NO APLICA,0
231,DAÑOS,2022-02-07,2022,09:40,MAÑANA,LUNES,PORTAL,CARRERA 45A CALLE 49-44,URBANA,TECNICO,3.54369,-76.31716,NO SABER MANIOBRAR EN UNA SITUACION DE PELIGRO,NO APLICA,CHOQUE,MASCULINO,NO APLICA,NO APLICA,CAMIONETA,NISSAN,CALI,PARTICULAR,NO APLICA,0
232,HERIDOS,2022-02-07,2022,16:00,TARDE,LUNES,ITALIA,TRANSVERSAL 30 CALLE 6E-39,URBANA,TECNICO,3.50574,-76.30533,PONER EN MARCHA VEHICULO SIN PRECAUCION,MOTOCICLISTA,CHOQUE,MASCULINO,LESIONADO,PALMIRA,MOTO,AKT,CANDELARIA,PARTICULAR,NO APLICA,0
233,HERIDOS,2022-02-07,2022,16:00,TARDE,LUNES,ITALIA,TRANSVERSAL 30 CALLE 6E-39,URBANA,TECNICO,3.50574,-76.30533,PONER EN MARCHA VEHICULO SIN PRECAUCION,NO APLICA,CHOQUE,MASCULINO,NO APLICA,NO APLICA,BUS,CHEVROLET,PALMIRA,PUBLICO,LINEAS DEL VALLE,0
234,HERIDOS,2022-02-07,2022,18:00,NOCHE,LUNES,BARRIO NUEVO,CALLE 27 CARRERA 32,URBANA,TECNICO,3.52498,-76.30279,ARRANCAR SIN PRECAUCION,MOTOCICLISTA,CHOQUE,MASCULINO,LESIONADO,PALMIRA,MOTO,YAMAHA,PRADERA,PARTICULAR,NO APLICA,0
235,HERIDOS,2022-02-07,2022,18:00,NOCHE,LUNES,BARRIO NUEVO,CALLE 27 CARRERA 32,URBANA,TECNICO,3.52498,-76.30279,ARRANCAR SIN PRECAUCION,NO APLICA,CHOQUE,MASCULINO,NO APLICA,NO APLICA,CAMIONETA,CHEVROLET,PALMIRA,PARTICULAR,NO APLICA,0
236,HERIDOS,2022-02-07,2022,18:30,NOCHE,LUNES,VERSALLES,CALLE 43 CARRERA 27,URBANA,TECNICO,3.53861,-76.29606,ARRANCAR SIN PRECAUCION,MOTOCICLISTA,CHOQUE,FEMENINA,LESIONADO,PALMA,MOTO,KYMCO,CALI,PARTICULAR,NO APLICA,0
237,HERIDOS,2022-02-07,2022,18:30,NOCHE,LUNES,VERSALLES,CALLE 43 CARRERA 27,URBANA,TECNICO,3.53861,-76.29606,ARRANCAR SIN PRECAUCION,NO APLICA,CHOQUE,MASCULINO,NO APLICA,NO APLICA,CAMIONETA,RENAULT,PALMIRA,PARTICULAR,NO APLICA,0