,GRAVEDAD,FECHA,AÑO,HORA,JORNADA,DIA_SEMANA,BARRIO-CORREGIMIENTO-VIA,DIRECCION,ZONA,AUTORIDAD,LAT,LONG,HIPOTESIS,CONDICION_VICTIMA,TIPO_ACCIDENTE,GENERO,LESIONADO,CLINICA,CLASE_VEHICULO,MARCA,MATRICULA,TIPO DE SERVICIO,EMPRESA,HOMICIDIOS
316,DAÑOS,2022-02-17,2022,11:30,MAÑANA,JUEVES,CENTRO POBLADO LA TORRE,CALLE 10 N 18A-117,URBANA,TECNICO,3.61822,-76.42142,NO MANTENER DISTANCIA SEGURIDAD,NO APLICA,CHOQUE,MASCULINO,NO APLICA,NO APLICA,AUTOMOVIL,CHEVROLET,CALI,PARTICULAR,NO APLICA,0
317,DAÑOS,2022-02-17,2022,11:30,MAÑANA,JUEVES,CENTRO POBLADO LA TORRE,CALLE 10 N 18A-117,URBANA,TECNICO,3.61822,-76.42142,NO MANTENER DISTANCIA SEGURIDAD,NO APLICA,CHOQUE,MASCULINO,NO APLICA,NO APLICA,MICROBUS,CHEVROLET,PALMIRA,PUBLICO,TRANS GAVIOTA,0
318,DAÑOS,2022-02-17,2022,16:20,TARDE,JUEVES,ALTAMIRA,CARRERA 27 CALLE 46 -26,URBANA,TECNICO,3.54149,-76.29566,TRANSITAR CON PUERTA ABIERTA,NO APLICA,CHOQUE,MASCULINO,NO APLICA,NO APLICA,AUTOMOVIL,MAZDA,PRADERA,PARTICULAR,NO APLICA,0
319,DAÑOS,2022-02-17,2022,16:20,TARDE,JUEVES,ALTAMIRA,CARRERA 27 CALLE 46 -26,URBANA,TECNICO,3.54149,-76.29566,TRANSITAR CON PUERTA ABIERTA,NO APLICA,CHOQUE,MASCULINO,NO APLICA,NO APLICA,BUS,HINO,TULUA,PUBLICO,NO APLICA,0
320,DAÑOS,2022-02-19,2022,04:00,MADRUGADA,SABADO,SAMANES,CARRERA 28 CALLE 49-87,URBANA,TECNICO,3.54423,-76.29634,IMPERICIA EN EL MANEJO,NO APLICA,CHOQUE POSTE,MASCULINO,NO APLICA,NO APLICA,MOTO,AKT,PALMIRA,PARTICULAR,NO APLICA,0
321,HERIDOS,2022-02-19,2022,07:00,MAÑANA,SABADO,GAITAN,CARRERA 32A CALLE 41,URBANA,TECNICO,3.53768,-76.30144,DESOBEDESER SEÑAL,NO APLICA,CHOQUE,MASCULINO,NO APLICA,NO APLICA,AUTOMOVIL,CHEVROLET,PALMIRA,PARTICULAR,NO APLICA,0
322,HERIDOS,2022-02-19,2022,07:00,MAÑANA,SABADO,GAITAN,CARRERA 32A CALLE 41,URBANA,TECNICO,3.53768,-76.30144,DESOBEDESER SEÑAL,MOTOCICLISTA,CHOQUE,MASCULINO,LESIONADO,IPS POSITIVA,MOTO,HONDA,PRADERA,PARTICULAR,NO APLICA,0
323,HERIDOS,2022-02-19,2022,07:00,MAÑANA,SABADO,GAITAN,CARRERA 32A CALLE 41,URBANA,TECNICO,3.53768,-76.30144,DESOBEDESER SEÑAL,ACOMPAÑANTE MOTOCICLISTA,CHOQUE,FEMENINA,LESIONADO,IPS POSITIVA,NO APLICA,NO APLICA,NO APLICA,NO APLICA,NO APLICA,0
324,HERIDOS,2022-02-19,2022,07:00,MAÑANA,SABADO,GAITAN,CARRERA 32A CALLE 41,URBANA,TECNICO,3.53768,-76.30144,DESOBEDESER SEÑAL,ACOMPAÑANTE MOTOCICLISTA,CHOQUE,FEMENINA,LESIONADO,IPS POSITIVA,NO APLICA,NO APLICA,NO APLICA,NO APLICA,NO APLICA,0
325,HERIDOS,2022-02-19,2022,10:45,MAÑANA,SABADO,RIVERA ESCOBAR,CALLE 31 CARRERA 31-74,URBANA,TECNICO,3.52841,-76.30179,ADELANTAR EN ZONA PROHIBIDA,NO APLICA,CHOQUE,MASCULINO,NO APLICA,NO APLICA,AUTOMOVIL,HYUNDAI,CORDOBA,PARTICULAR,NO APLICA,0
326,HERIDOS,2022-02-19,2022,10:45,MAÑANA,SABADO,RIVERA ESCOBAR,CALLE 31 CARRERA 31-74,URBANA,TECNICO,3.52841,-76.30179,ADELANTAR EN ZONA PROHIBIDA,MOTOCICLISTA,CHOQUE,MASCULINO,LESIONADO,PALMIRA,MOTO,YAMAHA,PRADERA,PARTICULAR,NO APLICA,0
327,HERIDOS,2022-02-19,2022,10:45,MAÑANA,SABADO,RIVERA ESCOBAR,CALLE 31 CARRERA 31-74,URBANA,TECNICO,3.52841,-76.30179,ADELANTAR EN ZONA PROHIBIDA,ACOMPAÑANTE MOTOCICLISTA,CHOQUE,FEMENINA,LESIONADO,PALMIRA,NO APLICA,NO APLICA,NO APLICA,NO APLICA,NO APLICA,0
328,HERIDOS,2022-02-19,2022,16:30,TARDE,SABADO,CENTRO,CALLE 32 CARRERA 33-69,URBANA,TECNICO,3.52948,-76.30315,CAIDA DE ARBOL,MOTOCICLISTA,CAIDA ARBOL,MASCULINO,LESIONADO,PALMIRA,MOTO,AKT,PRADERA,PARTICULAR,NO APLICA,0
329,HERIDOS,2022-02-19,2022,16:30,TARDE,SABADO,CENTRO,CALLE 32 CARRERA 33-69,URBANA,TECNICO,3.52948,-76.30315,CAIDA DE ARBOL,ACOMPAÑANTE MOTOCICLISTA,CAIDA ARBOL,FEMENINA,LESIONADO,PALMIRA,NO APLICA,NO APLICA,NO APLICA,NO APLICA,NO APLICA,0
330,MUERTO,2022-02-20,2022,09:30,MAÑANA,DOMINGO,VIA CORONADO ROZO,500 MTS,RURAL,TECNICO,3.56381,-76.31033,POR ESTABLECER,MOTOCICLISTA,CHOQUE ARBOL,MASCULINO,MUERTO,NO APLICA,MOTO,TVS,FLORIDA,PARTICULAR,NO APLICA,1
331,HERIDOS,2022-02-20,2022,12:53,TARDE,DOMINGO,OBRERO,CALLE 33 CARRERA 24,URBANA,TECNICO,3.52986,-76.29517,DESOBEDESER SEÑAL,MOTOCICLISTA,CHOQUE,MASCULINO,LESIONADO,PALMIRA,MOTO,SUZUKI,PRADERA,PARTICULAR,NO APLICA,0
332,HERIDOS,2022-02-20,2022,12:53,TARDE,DOMINGO,OBRERO,CALLE 33 CARRERA 24,URBANA,TECNICO,3.52986,-76.29517,DESOBEDESER SEÑAL,MOTOCICLISTA,CHOQUE,MASCULINO,LESIONADO,IPS POSITIVA,MOTO,HONDA,BUGA,PARTICULAR,NO APLICA,0
333,HERIDOS,2022-02-20,2022,12:53,TARDE,DOMINGO,OBRERO,CALLE 33 CARRERA 24,URBANA,TECNICO,3.52986,-76.29517,DESOBEDESER SEÑAL,ACOMPAÑANTE MOTOCICLISTA,CHOQUE,FEMENINA,LESIONADO,PALMIRA,NO APLICA,NO APLICA,NO APLICA,NO APLICA,NO APLICA,0
334,HERIDOS,2022-02-20,2022,16:40,TARDE,DOMINGO,ITALIA,CARRERA 29 CALLE 6,URBANA,TECNICO,3.50563,-76.30203,PONER EN MARCHA VEHICULO SIN PRECAUCION,MOTOCICLISTA,CHOQUE,MASCULINO,LESIONADO,IPS POSITIVA,MOTO,YAMAHA,PRADERA,PARTICULAR,NO APLICA,0
335,HERIDOS,2022-02-20,2022,16:40,TARDE,DOMINGO,ITALIA,CARRERA 29 CALLE 6,URBANA,TECNICO,3.50563,-76.30203,PONER EN MARCHA VEHICULO SIN PRECAUCION,NO APLICA,CHOQUE,MASCULINO,NO APLICA,NO APLICA,MOTO,HERO,FLORIDA,PARTICULAR,NO APLICA,0
336,HERIDOS,2022-02-20,2022,18:30,NOCHE,DOMINGO,VIA PALMIRA TIENDA NUEVA,KM 9 + 293 MTS,RURAL,TECNICO,3.5553,-76.23811,PERDIDA DEL CONTROL DEL VEHICULO,NO APLICA,ATROPELLO,MASCULINO,NO APLICA,NO APLICA,AUTOMOVIL,MAZDA,CALI,PARTICULAR,NO APLICA,0
337,HERIDOS,2022-02-20,2022,18:30,NOCHE,DOMINGO,VIA PALMIRA TIENDA NUEVA,KM 9 + 293 MTS,RURAL,TECNICO,3.5553,-76.23811,PERDIDA DEL CONTROL DEL VEHICULO,PEATON,ATROPELLO,FEMENINA,LESIONADO,RAUL,NO APLICA,NO APLICA,NO APLICA,NO APLICA,NO APLICA,0
338,DAÑOS,2022-02-20,2022,17:00,TARDE,DOMINGO,VIA PALMIRA TIENDA NUEVA,KM 2 + 300 MTS,RURAL,TECNICO,3.54788,-76.25815,IMPERICIA EN EL MANEJO,NO APLICA,CHOQUE,MASCULINO,NO APLICA,NO APLICA,AUTOMOVIL,BMW,BOGOTA,PARTICULAR,NO APLICA,0
339,DAÑOS,2022-02-20,2022,17:00,TARDE,DOMINGO,VIA PALMIRA TIENDA NUEVA,KM 2 + 300 MTS,RURAL,TECNICO,3.54788,-76.25815,IMPERICIA EN EL MANEJO,NO APLICA,CHOQUE,MASCULINO,NO APLICA,NO APLICA,AUTOMOVIL,MAZDA,ARMENIA,PARTICULAR,NO APLICA,0
340,HERIDOS,2022-02-21,2022,10:30,MAÑANA,LUNES,GUAYACANES INGENIO,CARRERA 17 CALLE 26,URBANA,TECNICO,3.52271,-76.28997,GIRAR BRUSCAMENTE,NO APLICA,CHOQUE,MASCULINO,NO APLICA,NO APLICA,CAMIONETA,CHEVROLET,QUIMBAYA,PARTICULAR,NO APLICA,0
341,HERIDOS,2022-02-21,2022,10:30,MAÑANA,LUNES,GUAYACANES INGENIO,CARRERA 17 CALLE 26,URBANA,TECNICO,3.52271,-76.28997,GIRAR BRUSCAMENTE,MOTOCICLISTA,CHOQUE,FEMENINA,LESIONADO,PALMIRA,MOTO,SUZUKI,PRADERA,PARTICULAR,NO APLICA,0
342,HERIDOS,2022-02-21,2022,12:30,TARDE,LUNES,SESQUI,CARRERA 32 CALLE 8 -10,URBANA,TECNICO,3.50933,-76.30804,DESOBEDESER SEÑAL,MOTOCICLISTA,CHOQUE,MASCULINO,LESIONADO,PALMIRA,MOTO,HONDA,CALI,PARTICULAR,NO APLICA,0
343,HERIDOS,2022-02-21,2022,12:30,TARDE,LUNES,SESQUI,CARRERA 32 CALLE 8 -10,URBANA,TECNICO,3.50933,-76.30804,DESOBEDESER SEÑAL,NO APLICA,CHOQUE,MASCULINO,NO APLICA,NO APLICA,CAMIONETA,CHEVROLET,PASTO,PARTICULAR,NO APLICA,0
344,HERIDOS,2022-02-21,2022,12:30,TARDE,LUNES,SESQUI,CARRERA 32 CALLE 8 -10,URBANA,TECNICO,3.50933,-76.30804,DESOBEDESER SEÑAL,ACOMPAÑANTE MOTOCICLISTA,CHOQUE,FEMENINA,LESIONADO,PALMIRA,NO APLICA,NO APLICA,NO APLICA,NO APLICA,NO APLICA,0
345,DAÑOS,2022-02-21,2022,13:40,TARDE,LUNES,INDUSTRIAL,CALLE 42 CARRERA 35,URBANA,TECNICO,3.53877,-76.30604,NO RESPETAR PRELACION,NO APLICA,CHOQUE,MASCULINO,NO APLICA,NO APLICA,MOTO,BAJAJ,CALI,PARTICULAR,NO APLICA,0
346,DAÑOS,2022-02-21,2022,13:40,TARDE,LUNES,INDUSTRIAL,CALLE 42 CARRERA 35,URBANA,TECNICO,3.53877,-76.30604,NO RESPETAR PRELACION,NO APLICA,CHOQUE,FEMENINA,NO APLICA,NO APLICA,AUTOMOVIL,MAZDA,BELLO,PARTICULAR,NO APLICA,0
347,HERIDOS,2022-02-21,2022,14:10,TARDE,LUNES,JARDIN,CARRERA 1 CALLE 33B-01,URBANA,TECNICO,3.52917,-76.2773,CAMBIAR CARRIL SIN OBSERVAR,NO APLICA,CHOQUE,MASCULINO,NO APLICA,NO APLICA,AUTOMOVIL,KIA,PALMIRA,PUBLICO,COOP TRANS PALMERAS,0
348,HERIDOS,2022-02-21,2022,14:10,TARDE,LUNES,JARDIN,CARRERA 1 CALLE 33B-01,URBANA,TECNICO,3.52917,-76.2773,CAMBIAR CARRIL SIN OBSERVAR,CICLISTA,CHOQUE,MASCULINO,LESIONADO,PALMIRA,BICICLETA,NO APLICA,NO APLICA,PARTICULAR,NO APLICA,0
349,HERIDOS,2022-02-21,2022,16:15,TARDE,LUNES,SAN PEDRO,CALLE 35 CARRERA 12-09,URBANA,TECNICO,3.53166,-76.28502,TRNSITAR POR LA CALZADA,MOTOCICLISTA,ATROPELLO,MASCULINO,LESIONADO,IPS POSITIVA,MOTO,SUZUKI,TURBO,PARTICULAR,NO APLICA,0
350,HERIDOS,2022-02-21,2022,16:15,TARDE,LUNES,SAN PEDRO,CALLE 35 CARRERA 12-09,URBANA,TECNICO,3.53166,-76.28502,TRNSITAR POR LA CALZADA,PEATON,ATROPELLO,FEMENINA,LESIONADO,PALMIRA,NO APLICA,NO APLICA,NO APLICA,NO APLICA,NO APLICA,0
351,HERIDOS,2022-02-22,2022,05:40,MADRUGADA,MARTES,RECREO,CARRERA 24 CALLE 18,URBANA,TECNICO,3.51685,-76.29586,SEMAFORO EN ROJO,MOTOCICLISTA,CHOQUE,MASCULINO,LESIONADO,PALMIRA,MOTO,AKT,PALMIRA,PARTICULAR,NO APLICA,0
352,HERIDOS,2022-02-22,2022,05:40,MADRUGADA,MARTES,RECREO,CARRERA 24 CALLE 18,URBANA,TECNICO,3.51685,-76.29586,SEMAFORO EN ROJO,NO APLICA,CHOQUE,MASCULINO,NO APLICA,NO APLICA,AUTOMOVIL,HYUNDAI,PALMIRA,PUBLICO,NO APLICA,0
353,HERIDOS,2022-02-22,2022,05:30,MADRUGADA,MARTES,PALMIRA CANDELARIA,JARDINES DEL PALMAR,URBANA,TECNICO,3.50314,-76.31631,NO MANTENER DISTANCIA SEGURIDAD,NO APLICA,CHOQUE,MASCULINO,NO APLICA,NO APLICA,CAMPERO,SUZUKI,PALMIRA,PARTICULAR,NO APLICA,0
354,HERIDOS,2022-02-22,2022,05:30,MADRUGADA,MARTES,PALMIRA CANDELARIA,JARDINES DEL PALMAR,URBANA,TECNICO,3.50314,-76.31631,NO MANTENER DISTANCIA SEGURIDAD,MOTOCICLISTA,CHOQUE,MASCULINO,LESIONADO,PALMIRA,MOTO,VICTORY,VILLARICA,PARTICULAR,NO APLICA,0
355,HERIDOS,2022-02-22,2022,10:00,MAÑANA,MARTES,CHAPINERO SUR,DIAGONAL 4 CARRERA 31A-90,URBANA,TECNICO,3.50188,-76.31075,ARRANCAR SIN PRECAUCION,NO APLICA,CHOQUE,MASCULINO,NO APLICA,NO APLICA,AUTOMOVIL,RENAULT,CALI,PARTICULAR,NO APLICA,0
356,HERIDOS,2022-02-22,2022,10:00,MAÑANA,MARTES,CHAPINERO SUR,DIAGONAL 4 CARRERA 31A-90,URBANA,TECNICO,3.50188,-76.31075,ARRANCAR SIN PRECAUCION,NO APLICA,CHOQUE,FEMENINA,NO APLICA,NO APLICA,CAMIONETA,ZOTYE,CHIA,PARTICULAR,NO APLICA,0
357,HERIDOS,2022-02-22,2022,10:00,MAÑANA,MARTES,CHAPINERO SUR,DIAGONAL 4 CARRERA 31A-90,URBANA,TECNICO,3.50188,-76.31075,ARRANCAR SIN PRECAUCION,MOTOCICLISTA,CHOQUE,FEMENINA,LESIONADO,PALMIRA,MOTO,VICTORY,PRADERA,PARTICULAR,NO APLICA,0
358,DAÑOS,2022-02-22,2022,17:50,TARDE,MARTES,COLOMBINA,CALLE 30 CARRERA 20,URBANA,TECNICO,3.52613,-76.29222,ARRANCAR SIN PRECAUCION,NO APLICA,CHOQUE,MASCULINO,NO APLICA,NO APLICA,CAMIONETA,MAZDA,CALI,PARTICULAR,NO APLICA,0
359,DAÑOS,2022-02-22,2022,17:50,TARDE,MARTES,COLOMBINA,CALLE 30 CARRERA 20,URBANA,TECNICO,3.52613,-76.29222,ARRANCAR SIN PRECAUCION,NO APLICA,CHOQUE,FEMENINA,NO APLICA,NO APLICA,MOTO,VICTORY,FLORIDA,PARTICULAR,NO APLICA,0
360,HERIDOS,2022-02-23,2022,05:00,MADRUGADA,MIERCOLES,CENTRO,CALLE 31 CARRERA 23,URBANA,TECNICO,3.52745,-76.29461,SEMAFORO EN ROJO,NO APLICA,CHOQUE,MASCULINO,NO APLICA,NO APLICA,BUS,HINO,GUACARI,PARTICULAR,NO APLICA,0
361,HERIDOS,2022-02-23,2022,05:00,MADRUGADA,MIERCOLES,CENTRO,CALLE 31 CARRERA 23,URBANA,TECNICO,3.52745,-76.29461,SEMAFORO EN ROJO,MOTOCICLISTA,CHOQUE,MASCULINO,LESIONADO,PALMIRA,MOTO,AKT,PALMIRA,PARTICULAR,NO APLICA,0
362,HERIDOS,2022-02-23,2022,05:00,MADRUGADA,MIERCOLES,CENTRO,CALLE 31 CARRERA 23,URBANA,TECNICO,3.52745,-76.29461,SEMAFORO EN ROJO,ACOMPAÑANTE MOTOCICLISTA,CHOQUE,MASCULINO,LESIONADO,PALMIRA,NO APLICA,NO APLICA,NO APLICA,NO APLICA,NO APLICA,0
363,DAÑOS,2022-02-23,2022,06:50,MAÑANA,MIERCOLES,ESTONIA,CARRERA 31 CALLE 44,URBANA,TECNICO,3.53967,-76.29995,GIRAR BRUSCAMENTE,NO APLICA,CHOQUE,MASCULINO,NO APLICA,NO APLICA,MOTO,TONGKO,GUACARI,PARTICULAR,NO APLICA,0
364,DAÑOS,2022-02-23,2022,06:50,MAÑANA,MIERCOLES,ESTONIA,CARRERA 31 CALLE 44,URBANA,TECNICO,3.53967,-76.29995,GIRAR BRUSCAMENTE,NO APLICA,CHOQUE,MASCULINO,NO APLICA,NO APLICA,AUTOMOVIL,RENAULT,CANDEALARIA,PARTICULAR,NO APLICA,0
365,DAÑOS,2022-02-23,2022,09:00,MAÑANA,MIERCOLES,ITALCO PARQUEADERO,KM 9,RURAL,TECNICO,3.51014,-76.40405,PUERTA ABIERTA,NO APLICA,CHOQUE PUERTA,MASCULINO,NO APLICA,NO APLICA,CAMION,HINO,PALMIRA,PARTICULAR,NO APLICA,0
366,DAÑOS,2022-02-23,2022,09:00,MAÑANA,MIERCOLES,ITALCO PARQUEADERO,KM 9,RURAL,TECNICO,3.51014,-76.40405,PUERTA ABIERTA,NO APLICA,CHOQUE PUERTA,MASCULINO,NO APLICA,NO APLICA,TRACTO CAMION,INTERNATIONAL,FACATATIVA,PUBLICO,NO APLICA,0
367,HERIDOS,2022-02-23,2022,14:20,TARDE,MIERCOLES,SESQUI,CARRERA 32 CALLE 10,URBANA,TECNICO,3.50973,-76.30751,PONER EN MARCHA VEHICULO SIN PRECAUCION,MOTOCICLISTA,CHOQUE,MASCULINO,LESIONADO,IPS POSITIVA,MOTO,HONDA,GUACARI,PARTICULAR,NO APLICA,0
368,HERIDOS,2022-02-23,2022,14:20,TARDE,MIERCOLES,SESQUI,CARRERA 32 CALLE 10,URBANA,TECNICO,3.50973,-76.30751,PONER EN MARCHA VEHICULO SIN PRECAUCION,NO APLICA,CHOQUE,MASCULINO,NO APLICA,NO APLICA,CAMION,MITSUBISHI,ANADALUCIA,PARTICULAR,NO APLICA,0
369,DAÑOS,2022-02-23,2022,20:40,NOCHE,MIERCOLES,COLOMBIA,CALLE 36 CARRERA 30,URBANA,TECNICO,3.53305,-76.29966,ADELANTA POR DERECHA,NO APLICA,CHOQUE,MASCULINO,NO APLICA,NO APLICA,AUTOMOVIL,CHEVROLET,PALMIRA,PUBLICO,NO APLICA,0
370,DAÑOS,2022-02-23,2022,20:40,NOCHE,MIERCOLES,COLOMBIA,CALLE 36 CARRERA 30,URBANA,TECNICO,3.53305,-76.29966,ADELANTA POR DERECHA,NO APLICA,CHOQUE,MASCULINO,NO APLICA,NO APLICA,AUTOMOVIL,FORD,CALI,PARTICULAR,NO APLICA,0
371,DAÑOS,2022-02-24,2022,02:30,MADRUGADA,JUEVES,OLIMPICO,CALLE 27 CARRERA 34 -35,URBANA,TECNICO,3.52539,-76.3057,PERDIDA DEL CONTROL DEL VEHICULO,NO APLICA,CHOQUE,MASCULINO,NO APLICA,NO APLICA,CAMIONETA,RENAULT,PALMIRA,OFICIAL,NO APLICA,0
372,DAÑOS,2022-02-24,2022,06:30,MAÑANA,JUEVES,CIUDAD DEL CAMPO,CALLE 100 CARRERA 12,RURAL,TECNICO,3.45486,-76.47089,ARRANCAR SIN PRECAUCION,NO APLICA,CHOQUE,FEMENINA,NO APLICA,NO APLICA,AUTOMOVIL,FIAT,CALI,PARTICULAR,NO APLICA,0
373,DAÑOS,2022-02-24,2022,06:30,MAÑANA,JUEVES,CIUDAD DEL CAMPO,CALLE 100 CARRERA 12,RURAL,TECNICO,3.45486,-76.47089,ARRANCAR SIN PRECAUCION,NO APLICA,CHOQUE,FEMENINA,NO APLICA,NO APLICA,CAMPERO,BEIJING,PALMIRA,PUBLICO,NO APLICA,0
374,DAÑOS,2022-02-24,2022,12:00,TARDE,JUEVES,INDUSTRIAL,CALLE 42 CARRERA 35,URBANA,TECNICO,3.53868,-76.30594,ADELANTAR CERRANDO,NO APLICA,CHOQUE,FEMENINA,NO APLICA,NO APLICA,BUS,HINO,GUACARI,PUBLICO,NO APLICA,0
375,DAÑOS,2022-02-24,2022,12:00,TARDE,JUEVES,INDUSTRIAL,CALLE 42 CARRERA 35,URBANA,TECNICO,3.53868,-76.30594,ADELANTAR CERRANDO,NO APLICA,CHOQUE,MASCULINO,NO APLICA,NO APLICA,AUTOMOVIL,KIA,PALMIRA,PUBLICO,NO APLICA,0
376,HERIDOS,2022-02-25,2022,08:30,MAÑANA,VIERNES,CENTRO,CALLE 31 CARRERA 25,URBANA,TECNICO,3.52762,-76.29625,SEMAFORO EN ROJO,MOTOCICLISTA,CHOQUE,MASCULINO,LESIONADO,PALMIRA,MOTO,SUZUKI,GUACARI,PARTICULAR,NO APLICA,0
377,HERIDOS,2022-02-25,2022,08:30,MAÑANA,VIERNES,CENTRO,CALLE 31 CARRERA 25,URBANA,TECNICO,3.52762,-76.29625,SEMAFORO EN ROJO,MOTOCICLISTA,CHOQUE,MASCULINO,LESIONADO,IPS POSITIVA,MOTO,AKT,BOGOTA,PARTICULAR,NO APLICA,0
378,DAÑOS,2022-02-25,2022,08:00,MAÑANA,VIERNES,LA EMILIA,CARRERA  35 CALLE 40,URBANA,TECNICO,3.53713,-76.3063,NO MANTENER DISTANCIA SEGURIDAD,NO APLICA,CHOQUE,FEMENINA,NO APLICA,NO APLICA,AUTOMOVIL,RENAULT,PALMIRA,PARTICULAR,NO APLICA,0
379,DAÑOS,2022-02-25,2022,08:00,MAÑANA,VIERNES,LA EMILIA,CARRERA  35 CALLE 41,URBANA,TECNICO,3.53713,-76.3063,NO MANTENER DISTANCIA SEGURIDAD,NO APLICA,CHOQUE,MASCULINO,NO APLICA,NO APLICA,MOTO,BAJAJ,PALMIRA,PARTICULAR,NO APLICA,0
380,DAÑOS,2022-02-25,2022,13:35,TARDE,VIERNES,CENTRO,CALLE 27  CARRERA 30-57,URBANA,TECNICO,3.52477,-76.30148,PONER EN MARCHA VEHICULO SIN PRECAUCION,NO APLICA,CHOQUE,MASCULINO,NO APLICA,NO APLICA,AUTOMOVIL,KIA,PALMIRA,PUBLICO,COOP TRANS PALMERAS,0
381,DAÑOS,2022-02-25,2022,13:35,TARDE,VIERNES,CENTRO,CALLE 27  CARRERA 30-57,URBANA,TECNICO,3.52477,-76.30148,PONER EN MARCHA VEHICULO SIN PRECAUCION,NO APLICA,CHOQUE,MASCULINO,NO APLICA,NO APLICA,CAMIONETA,RENAULT,CALI,PARTICULAR,NO APLICA,0
382,HERIDOS,2022-02-25,2022,18:50,NOCHE,VIERNES,PRADO,CALLE 42 CARRERA 39-42,URBANA,TECNICO,3.53716,-76.31972,POR ESTABLECER,MOTOCICLISTA,CHOQUE,FEMENINA,LESIONADO,PALMIRA,MOTO,AKT,PRADERA,PARTICULAR,NO APLICA,0
383,HERIDOS,2022-02-25,2022,18:50,NOCHE,VIERNES,PRADO,CALLE 42 CARRERA 39-42,URBANA,TECNICO,3.53716,-76.31972,POR ESTABLECER,CICLISTA,CHOQUE,MASCULINO,LESIONADO,PALMIRA,BICICLETA,NO APLICA,NO APLICA,PARTICULAR,NO APLICA,0
384,HERIDOS,2022-02-26,2022,10:00,MAÑANA,SABADO,AMERICAS,CALLE 14 CARRERA 26,URBANA,TECNICO,3.51318,-76.29908,PERDIDA DEL CONTROL DEL VEHICULO,MOTOCICLISTA,CHOQUE SARDINEL,MASCULINO,LESIONADO,PALMIRA,MOTO,SUZUKI,PALMIRA,PARTICULAR,NO APLICA,0
385,HERIDOS,2022-02-26,2022,10:00,MAÑANA,SABADO,AMERICAS,CALLE 14 CARRERA 26,URBANA,TECNICO,3.51318,-76.29908,PERDIDA DEL CONTROL DEL VEHICULO,ACOMPAÑANTE MOTOCICLISTA,CHOQUE SARDINEL,MASCULINO,LESIONADO,PALMIRA,NO APLICA,NO APLICA,NO APLICA,NO APLICA,NO APLICA,0
386,HERIDOS,2022-02-27,2022,03:50,MADRUGADA,DOMINGO,CENTRO POBLADO ROZO,CALLE 10 N 13-908 LA PIÑA,RURAL,TECNICO,3.61511,-76.38913,EMBRIAGUEZ APARENTE,MOTOCICLISTA,CHOQUE,MASCULINO,LESIONADO,PALMA,MOTO,HONDA,MIRANDA,PARTICULAR,NO APLICA,0
387,HERIDOS,2022-02-27,2022,03:50,MADRUGADA,DOMINGO,CENTRO POBLADO ROZO,CALLE 10 N 13-908 LA PIÑA,RURAL,TECNICO,3.61511,-76.38913,EMBRIAGUEZ APARENTE,NO APLICA,CHOQUE,MASCULINO,NO APLICA,NO APLICA,CAMIONETA,TOYOTA,BOGOTA,PARTICULAR,NO APLICA,0
388,HERIDOS,2022-02-27,2022,05:00,MADRUGADA,DOMINGO,RECREO,CALLE 23 CARRERA 26,URBANA,TECNICO,3.52078,-76.29823,DESOBEDESER SEÑAL,CONDUCTOR,CHOQUE,MASCULINO,LESIONADO,PALMIRA,AUTOMOVIL,KIA,PALMIRA,PUBLICO,NO APLICA,0
389,HERIDOS,2022-02-27,2022,05:00,MADRUGADA,DOMINGO,RECREO,CALLE 23 CARRERA 26,URBANA,TECNICO,3.52078,-76.29823,DESOBEDESER SEÑAL,NO APLICA,CHOQUE,MASCULINO,NO APLICA,NO APLICA,AUTOMOVIL,KIA,CALI,PARTICULAR,NO APLICA,0
390,HERIDOS,2022-02-27,2022,05:00,MADRUGADA,DOMINGO,RECREO,CALLE 23 CARRERA 26,URBANA,TECNICO,3.52078,-76.29823,DESOBEDESER SEÑAL,ACOMPAÑANTE CONDUCTOR,CHOQUE,MASCULINO,LESIONADO,PALMIRA,NO APLICA,NO APLICA,NO APLICA,NO APLICA,NO APLICA,0
391,MUERTO,2022-02-26,2022,09:45,MAÑANA,SABADO,BARRIO NUEVO,CARRERA 29 CALLE 26,URBANA,TECNICO,3.52373,-76.30033,POR ESTABLECER,MOTOCICLISTA,CHOQUE,MASCULINO,MUERTO,SANTA BARBARA,MOTO,HONDA,PALMIRA,PARTICULAR,NO APLICA,1
392,HERIDOS,2022-02-26,2022,17:20,TARDE,SABADO,SANTA ISABEL,CARRERA 28 CALLE 44,URBANA,TECNICO,3.53935,-76.297,PERDIDA DEL CONTROL DEL VEHICULO,NO APLICA,CHOQUE,MASCULINO,NO APLICA,NO APLICA,BUS,CHEVROLET,GUACARI,PUBLICO,SULTANA,0