,GRAVEDAD,FECHA,AÑO,HORA,JORNADA,DIA_SEMANA,BARRIO-CORREGIMIENTO-VIA,DIRECCION,ZONA,AUTORIDAD,LAT,LONG,HIPOTESIS,CONDICION_VICTIMA,TIPO_ACCIDENTE,GENERO,LESIONADO,CLINICA,CLASE_VEHICULO,MARCA,MATRICULA,TIPO DE SERVICIO,EMPRESA,HOMICIDIOS
393,HERIDOS,2022-02-26,2022,17:20,TARDE,SABADO,SANTA ISABEL,CARRERA 28 CALLE 44,URBANA,TECNICO,3.53935,-76.297,PERDIDA DEL CONTROL DEL VEHICULO,CICLISTA,CHOQUE,MASCULINO,LESIONADO,PALMA,BICICLETA,NO APLICA,NO APLICA,PARTICULAR,NO APLICA,0
394,HERIDOS,2022-02-26,2022,17:35,TARDE,SABADO,ESTONIA,CALLE 42 CARRERA 32,URBANA,TECNICO,3.53842,-76.30086,POR ESTABLECER,CICLISTA,CHOQUE,MASCULINO,LESIONADO,PALMA,BICICLETA,NO APLICA,NO APLICA,NO APLICA,NO APLICA,0
395,DAÑOS,2022-02-26,2022,20:20,NOCHE,SABADO,VERSALLES,CARRERA 29 CALLE 42A,URBANA,TECNICO,3.53834,-76.29805,REVERSO IMPRUDENTE,NO APLICA,CHOQUE,MASCULINO,NO APLICA,NO APLICA,CAMIONETA,CHANA STAR,CALI,PARTICULAR,NO APLICA,0
396,DAÑOS,2022-02-27,2022,12:10,TARDE,DOMINGO,SESQUI,CARRERA 32 CALLE 10,URBANA,TECNICO,3.50992,-76.30744,NO MANTENER DISTANCIA SEGURIDAD,NO APLICA,CHOQUE,FEMENINA,NO APLICA,NO APLICA,AUTOMOVIL,SUZUKI,PALMIRA,PARTICULAR,NO APLICA,0
397,DAÑOS,2022-02-27,2022,12:10,TARDE,DOMINGO,SESQUI,CARRERA 32 CALLE 10,URBANA,TECNICO,3.50992,-76.30744,NO MANTENER DISTANCIA SEGURIDAD,NO APLICA,CHOQUE,MASCULINO,NO APLICA,NO APLICA,MOTO,HONDA,FLORIDA,PARTICULAR,NO APLICA,0
398,HERIDOS,2022-02-27,2022,11:00,MAÑANA,DOMINGO,FRAY LUIS AMIGO,CALLE 42 CARRERA 47,URBANA,TECNICO,3.53837,-76.31842,ADELANTAR EN CURVA,NO APLICA,CHOQUE,FEMENINA,NO APLICA,NO APLICA,CAMIONETA,HONDA,CALI,PARTICULAR,NO APLICA,0
399,HERIDOS,2022-02-27,2022,11:00,MAÑANA,DOMINGO,FRAY LUIS AMIGO,CALLE 42 CARRERA 47,URBANA,TECNICO,3.53837,-76.31842,ADELANTAR EN CURVA,MOTOCICLISTA,CHOQUE,MASCULINO,LESIONADO,IPS POSITIVA,MOTO,HONDA,PRADERA,PARTICULAR,NO APLICA,0
400,HERIDOS,2022-02-27,2022,19:15,NOCHE,DOMINGO,LA EMILIA,CALLE 36 CARRERA 37,URBANA,TECNICO,3.53375,-76.30737,DESOBEDESER SEÑAL,MOTOCICLISTA,CHOQUE,FEMENINA,LESIONADO,PALMIRA,MOTO,KYMCO,PALMIRA,PARTICULAR,NO APLICA,0
401,HERIDOS,2022-02-27,2022,19:15,NOCHE,DOMINGO,LA EMILIA,CALLE 36 CARRERA 37,URBANA,TECNICO,3.53375,-76.30737,DESOBEDESER SEÑAL,NO APLICA,CHOQUE,MASCULINO,NO APLICA,NO APLICA,AUTOMOVIL,JAC,PALMIRA,PARTICULAR,NO APLICA,0
402,HERIDOS,2022-02-27,2022,19:45,NOCHE,DOMINGO,CENTRO POBLADO AMAIME,CALLE 6 CARRERA 1A-213,RURAL,TECNICO,3.60658,-76.27565,PERDIDA DEL CONTROL DEL VEHICULO,MOTOCICLISTA,CHOQUE,MASCULINO,LESIONADO,PALMA,MOTO,HONDA,FLORIDA,PARTICULAR,NO APLICA,0
403,DAÑOS,2022-03-02,2022,09:15,MAÑANA,MIERCOLES,LAS FLORES,CARRERA 2 CALLE 25,URBANA,TECNICO,3.52055,-76.2785,DESOBEDESER SEÑAL,NO APLICA,CHOQUE,MASCULINO,NO APLICA,NO APLICA,CAMIONETA,TOYOTA,CALI,PARTICULAR,NO APLICA,0
404,DAÑOS,2022-03-02,2022,09:15,MAÑANA,MIERCOLES,LAS FLORES,CARRERA 2 CALLE 25,URBANA,TECNICO,3.52055,-76.2785,DESOBEDESER SEÑAL,NO APLICA,CHOQUE,FEMENINA,NO APLICA,NO APLICA,AUTOMOVIL,CHEVROLET,CALI,PARTICULAR,NO APLICA,0
405,DAÑOS,2022-03-02,2022,07:30,MAÑANA,MIERCOLES,SANTA RITA,CARRERA 28 CALLE 37A,URBANA,TECNICO,3.53422,-76.2978,NO MANTENER DISTANCIA SEGURIDAD,NO APLICA,CHOQUE,MASCULINO,NO APLICA,NO APLICA,AUTOMOVIL,BMW,CALI,PARTICULAR,NO APLICA,0
406,DAÑOS,2022-03-02,2022,07:30,MAÑANA,MIERCOLES,SANTA RITA,CARRERA 28 CALLE 37A,URBANA,TECNICO,3.53422,-76.2978,NO MANTENER DISTANCIA SEGURIDAD,NO APLICA,CHOQUE,MASCULINO,NO APLICA,NO APLICA,MOTO,UNITED,GUACARI,PARTICULAR,NO APLICA,0
407,DAÑOS,2022-03-01,2022,17:30,TARDE,MARTES,COLOMBIA,CARRERA 33 CALLE 36-47,URBANA,TECNICO,3.53397,-76.3027,REVERSO IMPRUDENTE,NO APLICA,CHOQUE,MASCULINO,NO APLICA,NO APLICA,AUTOMOVIL,MAZDA,ENVIGADO,PARTICULAR,NO APLICA,0
408,DAÑOS,2022-03-01,2022,17:30,TARDE,MARTES,COLOMBIA,CARRERA 33 CALLE 36-47,URBANA,TECNICO,3.53397,-76.3027,REVERSO IMPRUDENTE,NO APLICA,CHOQUE,MASCULINO,NO APLICA,NO APLICA,CAMION,JAC,GUACARI,PARTICULAR,NO APLICA,0
409,HERIDOS,2022-03-01,2022,18:50,NOCHE,MARTES,OBRERO,CARRERA 25 CALLE 34,URBANA,TECNICO,3.53077,-76.29568,PONER EN MARCHA VEHICULO SIN PRECAUCION,NO APLICA,CHOQUE,MASCULINO,NO APLICA,NO APLICA,AUTOMOVIL,RENAULT,PALMIRA,PUBLICO,NO APLICA,0
410,HERIDOS,2022-03-01,2022,18:50,NOCHE,MARTES,OBRERO,CARRERA 25 CALLE 34,URBANA,TECNICO,3.53077,-76.29568,PONER EN MARCHA VEHICULO SIN PRECAUCION,NO APLICA,CHOQUE,MASCULINO,NO APLICA,NO APLICA,BICICLETA,NO APLICA,NO APLICA,PARTICULAR,NO APLICA,0
411,HERIDOS,2022-03-01,2022,18:50,NOCHE,MARTES,OBRERO,CARRERA 25 CALLE 34,URBANA,TECNICO,3.53077,-76.29568,PONER EN MARCHA VEHICULO SIN PRECAUCION,ACOMPAÑANTE CICLISTA,CHOQUE,FEMENINA,LESIONADO,PALMA,NO APLICA,NO APLICA,NO APLICA,NO APLICA,NO APLICA,0
412,HERIDOS,2022-03-01,2022,18:00,NOCHE,MARTES,INDUSTRIAL,CALLE 42 CARRERA 43-44,URBANA,TECNICO,3.53879,-76.31307,POR ESTABLECER,MOTOCICLISTA,CHOQUE,MASCULINO,LESIONADO,IPS POSITIVA,MOTO,HONDA,BOGOTA,PARTICULAR,NO APLICA,0
413,HERIDOS,2022-03-01,2022,18:00,NOCHE,MARTES,INDUSTRIAL,CALLE 42 CARRERA 43-44,URBANA,TECNICO,3.53879,-76.31307,POR ESTABLECER,MOTOCICLISTA,CHOQUE,MASCULINO,LESIONADO,IPS POSITIVA,MOTO,HONDA,PEREIRA,PARTICULAR,NO APLICA,0
414,DAÑOS,2022-03-03,2022,06:30,MAÑANA,JUEVES,INDUSTRIAL,CALLE 42 CARRERA 35,URBANA,TECNICO,3.53874,-76.30652,ADELANTAR CERRANDO,NO APLICA,CHOQUE,MASCULINO,NO APLICA,NO APLICA,AUTOMOVIL,NISSAN,META,PARTICULAR,NO APLICA,0
415,DAÑOS,2022-03-03,2022,06:30,MAÑANA,JUEVES,INDUSTRIAL,CALLE 42 CARRERA 35,URBANA,TECNICO,3.53874,-76.30652,ADELANTAR CERRANDO,NO APLICA,CHOQUE,MASCULINO,NO APLICA,NO APLICA,CAMION,HYUNDAI,GUACARI,PUBLICO,NO APLICA,0
416,HERIDOS,2022-03-01,2022,11:10,MAÑANA,MARTES,SESQUI,CALLE 11 CARRERA 29,URBANA,TECNICO,3.51063,-76.30182,GIRAR BRUSCAMENTE,MOTOCICLISTA,CHOQUE,FEMENINA,LESIONADO,PALMIRA,MOTO,YAMAHA,PRADERA,PARTICULAR,NO APLICA,0
417,HERIDOS,2022-03-01,2022,11:10,MAÑANA,MARTES,SESQUI,CALLE 11 CARRERA 29,URBANA,TECNICO,3.51063,-76.30182,GIRAR BRUSCAMENTE,NO APLICA,CHOQUE,MASCULINO,NO APLICA,NO APLICA,MOTO,SUZUKI,PALMIRA,PARTICULAR,NO APLICA,0
418,HERIDOS,2022-03-01,2022,15:30,TARDE,MARTES,PRADO,CALLE 42 CARRERA 45,URBANA,TECNICO,3.53884,-76.31468,GIRAR BRUSCAMENTE,MOTOCICLISTA,CHOQUE,MASCULINO,LESIONADO,PALMA,MOTO,HONDA,PRADERA,PARTICULAR,NO APLICA,0
419,HERIDOS,2022-03-01,2022,15:30,TARDE,MARTES,PRADO,CALLE 42 CARRERA 45,URBANA,TECNICO,3.53884,-76.31468,GIRAR BRUSCAMENTE,NO APLICA,CHOQUE,MASCULINO,NO APLICA,NO APLICA,AUTOMOVIL,CHEVROLET,CALI,PARTICULAR,NO APLICA,0
420,HERIDOS,2022-03-01,2022,15:30,TARDE,MARTES,PRADO,CALLE 42 CARRERA 45,URBANA,TECNICO,3.53884,-76.31468,GIRAR BRUSCAMENTE,ACOMPAÑANTE MOTOCICLISTA,CHOQUE,FEMENINA,LESIONADO,PALMA,NO APLICA,NO APLICA,NO APLICA,NO APLICA,NO APLICA,0
421,DAÑOS,2022-02-28,2022,19:30,NOCHE,LUNES,SAN PEDRO,CALLE 42 CARRERA 19,URBANA,TECNICO,3.53706,-76.29064,NO MANTENER DISTANCIA SEGURIDAD,NO APLICA,CHOQUE,FEMENINA,NO APLICA,NO APLICA,AUTOMOVIL,KIA,PALMIRA,PARTICULAR,NO APLICA,0
422,DAÑOS,2022-02-28,2022,19:30,NOCHE,LUNES,SAN PEDRO,CALLE 42 CARRERA 19,URBANA,TECNICO,3.53706,-76.29064,NO MANTENER DISTANCIA SEGURIDAD,NO APLICA,CHOQUE,MASCULINO,NO APLICA,NO APLICA,MOTO,BAJAJ,PALMIRA,PARTICULAR,NO APLICA,0
423,HERIDOS,2022-02-28,2022,20:30,NOCHE,LUNES,CENTRO,CALLE 28 CARRERA 31,URBANA,TECNICO,3.52574,-76.30193,SEMAFORO EN ROJO,CONDUCTOR,CHOQUE,FEMENINA,LESIONADO,PALMIRA,AUTOMOVIL,CHEVROLET,EL CERRITO,PARTICULAR,NO APLICA,0
424,HERIDOS,2022-02-28,2022,20:30,NOCHE,LUNES,CENTRO,CALLE 28 CARRERA 31,URBANA,TECNICO,3.52574,-76.30193,SEMAFORO EN ROJO,ACOMPAÑANTE CONDUCTOR,CHOQUE,MASCULINO,LESIONADO,PALMIRA,NO APLICA,NO APLICA,NO APLICA,NO APLICA,NO APLICA,0
425,HERIDOS,2022-02-28,2022,20:30,NOCHE,LUNES,CENTRO,CALLE 28 CARRERA 31,URBANA,TECNICO,3.52574,-76.30193,SEMAFORO EN ROJO,NO APLICA,CHOQUE,MASCULINO,NO APLICA,NO APLICA,AUTOMOVIL,HYUNDAI,PALMIRA,PUBLICO,FLOTA PALMIRA,0
426,DAÑOS,2022-03-02,2022,17:00,TARDE,MIERCOLES,CHAPINERO SUR,CARRERA 32 CALLE 6,URBANA,TECNICO,3.50661,-76.31288,FRENAR BRUSCAMENTE,NO APLICA,CHOQUE,MASCULINO,NO APLICA,NO APLICA,AUTOMOVIL,SUZUKI,CALI,PARTICULAR,NO APLICA,0
427,DAÑOS,2022-03-02,2022,17:00,TARDE,MIERCOLES,CHAPINERO SUR,CARRERA 32 CALLE 6,URBANA,TECNICO,3.50661,-76.31288,FRENAR BRUSCAMENTE,NO APLICA,CHOQUE,MASCULINO,NO APLICA,NO APLICA,CAMIONETA,FORD,CALI,PARTICULAR,NO APLICA,0
428,HERIDOS,2022-03-02,2022,17:40,TARDE,MIERCOLES,COLOMBINA,CARRRA 16 CALLE 28,URBANA,TECNICO,3.52411,-76.289,DESOBEDESER SEÑAL,NO APLICA,CHOQUE,MASCULINO,NO APLICA,NO APLICA,AUTOMOVIL,RENAULT,CALI,PARTICULAR,NO APLICA,0
429,HERIDOS,2022-03-02,2022,17:40,TARDE,MIERCOLES,COLOMBINA,CARRRA 16 CALLE 28,URBANA,TECNICO,3.52411,-76.289,DESOBEDESER SEÑAL,MOTOCICLISTA,CHOQUE,FEMENINA,LESIONADO,PALMIRA,MOTO,HONDA,CERETE,PARTICULAR,NO APLICA,0
430,HERIDOS,2022-03-02,2022,21:00,NOCHE,MIERCOLES,LAS FLORES,CALLE 23 CARRERA 3,URBANA,TECNICO,3.51975,-76.27947,DESOBEDESER SEÑAL,NO APLICA,CHOQUE,FEMENINA,NO APLICA,NO APLICA,AUTOMOVIL,KIA,CALI,PARTICULAR,NO APLICA,0
431,HERIDOS,2022-03-02,2022,21:00,NOCHE,MIERCOLES,LAS FLORES,CALLE 23 CARRERA 3,URBANA,TECNICO,3.51975,-76.27947,DESOBEDESER SEÑAL,MOTOCICLISTA,CHOQUE,MASCULINO,LESIONADO,PALMIRA,MOTO,YAMAHA,TIMBIO,PARTICULAR,NO APLICA,0
432,HERIDOS,2022-03-02,2022,21:00,NOCHE,MIERCOLES,LAS FLORES,CALLE 23 CARRERA 3,URBANA,TECNICO,3.51975,-76.27947,DESOBEDESER SEÑAL,NO APLICA,CHOQUE,FEMENINA,NO APLICA,NO APLICA,CAMIONETA,CHEVROLET,PALMIRA,PARTICULAR,NO APLICA,0
433,HERIDOS,2022-03-03,2022,10:40,MAÑANA,JUEVES,ESTONIA,CARRERA 32 CALLE 42,URBANA,TECNICO,3.53842,-76.30088,NO RESPETAR PRELACION,MOTOCICLISTA,CHOQUE,MASCULINO,LESIONADO,FRACTURAS,MOTO,SUZUKI,PALMIRA,PARTICULAR,NO APLICA,0
434,HERIDOS,2022-03-03,2022,10:40,MAÑANA,JUEVES,ESTONIA,CARRERA 32 CALLE 42,URBANA,TECNICO,3.53842,-76.30088,NO RESPETAR PRELACION,NO APLICA,CHOQUE,FEMENINA,NO APLICA,NO APLICA,AUTOMOVIL,KIA,PALMIRA,PARTICULAR,NO APLICA,0
435,HERIDOS,2022-03-03,2022,10:40,MAÑANA,JUEVES,ESTONIA,CARRERA 32 CALLE 42,URBANA,TECNICO,3.53842,-76.30088,NO RESPETAR PRELACION,PEATON,CHOQUE,MASCULINO,LESIONADO,PALMIRA,NO APLICA,NO APLICA,NO APLICA,PARTICULAR,NO APLICA,0
436,DAÑOS,2022-03-03,2022,16:00,TARDE,JUEVES,URIBE,CALLE 35 CARRERA 20,URBANA,TECNICO,3.5311,-76.29158,DESOBEDESER SEÑAL,NO APLICA,CHOQUE,FEMENINA,NO APLICA,NO APLICA,AUTOMOVIL,KIA,CALI,PARTICULAR,NO APLICA,0
437,DAÑOS,2022-03-03,2022,16:00,TARDE,JUEVES,URIBE,CALLE 35 CARRERA 20,URBANA,TECNICO,3.5311,-76.29158,DESOBEDESER SEÑAL,NO APLICA,CHOQUE,FEMENINA,NO APLICA,NO APLICA,AUTOMOVIL,KIA,BOGOTA,PARTICULAR,NO APLICA,0
438,DAÑOS,2022-03-04,2022,13:00,TARDE,VIERNES,LOS PINOS,CALLE 42 CARRERA 20-15,URBANA,TECNICO,3.53717,-76.29123,NO ESTAR PENDIENTE DE LA VIA,NO APLICA,CHOQUE,MASCULINO,NO APLICA,NO APLICA,MOTO,BAJAJ,PRADERA,PARTICULAR,NO APLICA,0
439,DAÑOS,2022-03-04,2022,13:00,TARDE,VIERNES,LOS PINOS,CALLE 42 CARRERA 20-15,URBANA,TECNICO,3.53717,-76.29123,NO ESTAR PENDIENTE DE LA VIA,NO APLICA,CHOQUE,FEMENINA,NO APLICA,NO APLICA,AUTOMOVIL,CHEVROLET,PALMIRA,PARTICULAR,NO APLICA,0
440,DAÑOS,2022-03-04,2022,14:30,TARDE,VIERNES,VIA PALMIRA BARRANCAS,KM 3 SAN JOSE,RURAL,TECNICO,3.5491,-76.248,REVERSO IMPRUDENTE,NO APLICA,CHOQUE,MASCULINO,NO APLICA,NO APLICA,VOLQUETA,HYUNDAI,CHIA,PARTICULAR,NO APLICA,0
441,DAÑOS,2022-03-04,2022,14:30,TARDE,VIERNES,VIA PALMIRA BARRANCAS,KM 3 SAN JOSE,RURAL,TECNICO,3.5491,-76.248,REVERSO IMPRUDENTE,NO APLICA,CHOQUE,FEMENINA,NO APLICA,NO APLICA,CAMIONETA,NISSAN,CALI,PARTICULAR,NO APLICA,0
442,HERIDOS,2022-03-04,2022,19:00,NOCHE,VIERNES,VIA PALMIRA GUANABANAL,KM 2 - 796,RURAL,TECNICO,3.48499,-76.42249,GIRAR BRUSCAMENTE,MOTOCICLISTA,CHOQUE,MASCULINO,LESIONADO,RAUL,MOTO,HONDA,FLORIDA,PARTICULAR,NO APLICA,0
443,HERIDOS,2022-03-04,2022,19:00,NOCHE,VIERNES,VIA PALMIRA GUANABANAL,KM 2 - 796,RURAL,TECNICO,3.48499,-76.42249,GIRAR BRUSCAMENTE,NO APLICA,CHOQUE,MASCULINO,NO APLICA,NO APLICA,AUTOMOVIL,CHEVROLET,PALMIRA,PUBLICO,COOTRANSPAL,0
444,HERIDOS,2022-03-04,2022,19:30,NOCHE,VIERNES,GUAYACANES INGENIO,CARRERA 19 CALLE 26A,URBANA,TECNICO,3.52304,-76.29162,EMBRIAGUEZ APARENTE,MOTOCICLISTA,CHOQUE,MASCULINO,LESIONADO,RAUL,MOTO,VICTORY,FLORIDA,PARTICULAR,NO APLICA,0
445,HERIDOS,2022-03-04,2022,19:30,NOCHE,VIERNES,GUAYACANES INGENIO,CARRERA 19 CALLE 26A,URBANA,TECNICO,3.52304,-76.29162,EMBRIAGUEZ APARENTE,NO APLICA,CHOQUE,MASCULINO,NO APLICA,NO APLICA,AUTOMOVIL,MAZDA,IBAGUE,PARTICULAR,NO APLICA,0
446,HERIDOS,2022-03-05,2022,05:30,MADRUGADA,SABADO,ALAMEDA,CALLE 69 CARRERA 26-162,URBANA,TECNICO,3.55469,-76.2895,ARRANCAR SIN PRECAUCION,MOTOCICLISTA,CHOQUE,MASCULINO,LESIONADO,PALMA,MOTO,HONDA,PRADERA,PARTICULAR,NO APLICA,0
447,HERIDOS,2022-03-05,2022,05:30,MADRUGADA,SABADO,ALAMEDA,CALLE 69 CARRERA 26-162,URBANA,TECNICO,3.55469,-76.2895,ARRANCAR SIN PRECAUCION,NO APLICA,CHOQUE,MASCULINO,NO APLICA,NO APLICA,AUTOMOVIL,RENAULT,CALI,PARTICULAR,NO APLICA,0
448,HERIDOS,2022-03-05,2022,20:15,NOCHE,SABADO,MUNICIPAL,CARRERA 1 CALLE 32,URBANA,TECNICO,3.52619,-76.27784,GIRAR BRUSCAMENTE,MOTOCICLISTA,CHOQUE,MASCULINO,LESIONADO,RAUL,MOTO,YAMAHA,GUACARI,PARTICULAR,NO APLICA,0
449,HERIDOS,2022-03-05,2022,20:15,NOCHE,SABADO,MUNICIPAL,CARRERA 1 CALLE 32,URBANA,TECNICO,3.52619,-76.27784,GIRAR BRUSCAMENTE,NO APLICA,CHOQUE,MASCULINO,NO APLICA,NO APLICA,CAMION,JAC,JAMUNDI,PUBLICO,NO APLICA,0
450,HERIDOS,2022-03-06,2022,05:30,MADRUGADA,DOMINGO,SAN PEDRO,CALLE 38 CARRERA 9,URBANA,TECNICO,3.53454,-76.28233,TRANSITAR CON PUERTA ABIERTA,MOTOCICLISTA,CHOQUE,MASCULINO,LESIONADO,PALMA,MOTO,BAJAJ,ESPINAL,PARTICULAR,NO APLICA,0
451,HERIDOS,2022-03-06,2022,05:30,MADRUGADA,DOMINGO,SAN PEDRO,CALLE 38 CARRERA 9,URBANA,TECNICO,3.53454,-76.28233,TRANSITAR CON PUERTA ABIERTA,MOTOCICLISTA,CHOQUE,MASCULINO,LESIONADO,PALMA,MOTO,HONDA,FLORIDA,PARTICULAR,NO APLICA,0
452,HERIDOS,2022-03-06,2022,09:00,MAÑANA,DOMINGO,DELICIAS,CARRERA 25 CALLE 24,URBANA,TECNICO,3.52156,-76.29718,ARRANCAR SIN PRECAUCION,MOTOCICLISTA,CHOQUE,MASCULINO,LESIONADO,IPS POSITIVA,MOTO,SUZUKI,CARTAGO,PARTICULAR,NO APLICA,0
453,HERIDOS,2022-03-06,2022,09:00,MAÑANA,DOMINGO,DELICIAS,CARRERA 25 CALLE 24,URBANA,TECNICO,3.52156,-76.29718,ARRANCAR SIN PRECAUCION,NO APLICA,CHOQUE,MASCULINO,NO APLICA,NO APLICA,CAMIONETA,CHEVROLET,PALMIRA,PARTICULAR,NO APLICA,0
454,MUERTO,2022-03-06,2022,03:15,MADRUGADA,DOMINGO,ZAMORANO,CARRERA 28 CALLE 66A-121,URBANA,TECNICO,3.55365,-76.29285,POR ESTABLECER,MOTOCICLISTA,CHOQUE VEHICULO ESTACIONADO,MASCULINO,MUERTO,NO APLICA,MOTO,HERO,CALI,PARTICULAR,NO APLICA,1
455,HERIDOS,2022-03-06,2022,15:50,TARDE,DOMINGO,CIUDADELA PALMIRA,CARRERA 9 CALLE 26,URBANA,TECNICO,3.52172,-76.28405,DESOBEDESER SEÑAL,MOTOCICLISTA,CHOQUE,FEMENINA,LESIONADO,SANTA BARBARA,MOTO,KYMCO,FLORIDA,PARTICULAR,NO APLICA,0
456,HERIDOS,2022-03-06,2022,15:50,TARDE,DOMINGO,CIUDADELA PALMIRA,CARRERA 9 CALLE 26,URBANA,TECNICO,3.52172,-76.28405,DESOBEDESER SEÑAL,NO APLICA,CHOQUE,FEMENINA,NO APLICA,NO APLICA,AUTOMOVIL,NISSAN,CALI,PARTICULAR,NO APLICA,0
457,HERIDOS,2022-03-06,2022,15:50,TARDE,DOMINGO,CIUDADELA PALMIRA,CARRERA 9 CALLE 26,URBANA,TECNICO,3.52172,-76.28405,DESOBEDESER SEÑAL,ACOMPAÑANTE MOTOCICLISTA,CHOQUE,FEMENINA,LESIONADO,SANTA BARBARA,NO APLICA,NO APLICA,NO APLICA,NO APLICA,NO APLICA,0
458,DAÑOS,2022-03-06,2022,14:50,TARDE,DOMINGO,SANTA RITA,CARRERA 27 CALLE 38,URBANA,TECNICO,3.53466,-76.29673,DESOBEDESER SEÑAL,NO APLICA,CHOQUE,MASCULINO,NO APLICA,NO APLICA,AUTOMOVIL,RENAULT,PALMIRA,PARTICULAR,NO APLICA,0
459,DAÑOS,2022-03-06,2022,14:50,TARDE,DOMINGO,SANTA RITA,CARRERA 27 CALLE 38,URBANA,TECNICO,3.53466,-76.29673,DESOBEDESER SEÑAL,NO APLICA,CHOQUE,MASCULINO,NO APLICA,NO APLICA,MOTO,VICTORY,GUACARI,PARTICULAR,NO APLICA,0
460,DAÑOS,2022-03-07,2022,18:30,NOCHE,LUNES,CENTRO,CALLE 32 CARRERA 26,URBANA,TECNICO,3.52847,-76.29691,DESOBEDESER SEÑAL,NO APLICA,CHOQUE,MASCULINO,NO APLICA,NO APLICA,AUTOMOVIL,CHEVROLET,CALI,PARTICULAR,NO APLICA,0
461,DAÑOS,2022-03-07,2022,18:30,NOCHE,LUNES,CENTRO,CALLE 32 CARRERA 26,URBANA,TECNICO,3.52847,-76.29691,DESOBEDESER SEÑAL,NO APLICA,CHOQUE,MASCULINO,NO APLICA,NO APLICA,AUTOMOVIL,CHEVROLET,GUACARI,PARTICULAR,NO APLICA,0
462,DAÑOS,2022-03-08,2022,11:15,MAÑANA,MARTES,SAN PEDRO,CALLE 37 CARRERA 19,URBANA,TECNICO,3.53274,-76.2905,NO MANTENER DISTANCIA SEGURIDAD,NO APLICA,CHOQUE,MASCULINO,NO APLICA,NO APLICA,AUTOMOVIL,HYUNDAI,CALI,PARTICULAR,NO APLICA,0
463,DAÑOS,2022-03-08,2022,11:15,MAÑANA,MARTES,SAN PEDRO,CALLE 37 CARRERA 19,URBANA,TECNICO,3.53274,-76.2905,NO MANTENER DISTANCIA SEGURIDAD,NO APLICA,CHOQUE,MASCULINO,NO APLICA,NO APLICA,AUTOMOVIL,CHEVROLET,PALMIRA,PUBLICO,FLOTA PALMIRA,0
464,HERIDOS,2022-03-08,2022,12:30,TARDE,MARTES,VERSALLES,CALLE 42 CARRERA 28,URBANA,TECNICO,3.53785,-76.29721,NO ESTAR PENDIENTE DE LA VIA,NO APLICA,CHOQUE,MASCULINO,NO APLICA,NO APLICA,CAMION,FOTON,COTA,PUBLICO,NO APLICA,0
465,HERIDOS,2022-03-08,2022,12:30,TARDE,MARTES,VERSALLES,CALLE 42 CARRERA 28,URBANA,TECNICO,3.53785,-76.29721,NO ESTAR PENDIENTE DE LA VIA,MOTOCICLISTA,CHOQUE,FEMENINA,LESIONADO,IPS POSITIVA,MOTO,VICTORY,FLORIDA,PARTICULAR,NO APLICA,0
466,DAÑOS,2022-03-08,2022,12:30,TARDE,MARTES,SAMANES,CALLE 47 CARRERA 28,URBANA,TECNICO,3.54216,-76.29663,ARRANCAR SIN PRECAUCION,NO APLICA,CHOQUE,MASCULINO,NO APLICA,NO APLICA,AUTOMOVIL,RENAULT,PALMIRA,PARTICULAR,NO APLICA,0
467,DAÑOS,2022-03-08,2022,12:30,TARDE,MARTES,SAMANES,CALLE 47 CARRERA 28,URBANA,TECNICO,3.54216,-76.29663,ARRANCAR SIN PRECAUCION,NO APLICA,CHOQUE,FEMENINA,NO APLICA,NO APLICA,MOTO,SUZUKI,PRADERA,PARTICULAR,NO APLICA,0
468,DAÑOS,2022-03-08,2022,12:00,TARDE,MARTES,INDUSTRIAL,CARRERA 35 CALLE 42,URBANA,TECNICO,3.53904,-76.3069,ARRANCAR SIN PRECAUCION,NO APLICA,CHOQUE,FEMENINA,NO APLICA,NO APLICA,AUTOMOVIL,MAZDA,PEREIRA,PARTICULAR,NO APLICA,0
469,DAÑOS,2022-03-08,2022,12:00,TARDE,MARTES,INDUSTRIAL,CARRERA 35 CALLE 42,URBANA,TECNICO,3.53904,-76.3069,ARRANCAR SIN PRECAUCION,NO APLICA,CHOQUE,MASCULINO,NO APLICA,NO APLICA,CAMION,CHEVROLET,CARTAGO,PUBLICO,NO APLICA,0
470,HERIDOS,2022-03-08,2022,13:15,TARDE,MARTES,SANTA BARBARA,CALLE 31 CARRERA 42-44,URBANA,TECNICO,3.53001,-76.314,INVADIR LINEA CONTINUA,NO APLICA,CHOQUE,MASCULINO,NO APLICA,NO APLICA,AUTOMOVIL,NISSAN,PALMRA,PARTICULAR,NO APLICA,0
471,HERIDOS,2022-03-08,2022,13:15,TARDE,MARTES,SANTA BARBARA,CALLE 31 CARRERA 42-44,URBANA,TECNICO,3.53001,-76.314,INVADIR LINEA CONTINUA,MOTOCICLISTA,CHOQUE,MASCULINO,LESIONADO,PALMIRA,MOTO,BAJAJ,FLORIDA,PARTICULAR,NO APLICA,0
472,HERIDOS,2022-03-08,2022,13:15,TARDE,MARTES,SANTA BARBARA,CALLE 31 CARRERA 42-44,URBANA,TECNICO,3.53001,-76.314,INVADIR LINEA CONTINUA,ACOMPAÑANTE MOTOCICLISTA,CHOQUE,FEMENINA,LESIONADO,PALMIRA,NO APLICA,NO APLICA,NO APLICA,NO APLICA,NO APLICA,0