,GRAVEDAD,FECHA,AÑO,HORA,JORNADA,DIA_SEMANA,BARRIO-CORREGIMIENTO-VIA,DIRECCION,ZONA,AUTORIDAD,LAT,LONG,HIPOTESIS,CONDICION_VICTIMA,TIPO_ACCIDENTE,GENERO,LESIONADO,CLINICA,CLASE_VEHICULO,MARCA,MATRICULA,TIPO DE SERVICIO,EMPRESA,HOMICIDIOS
473,DAÑOS,2022-03-08,2022,20:50,NOCHE,MARTES,ZAMORANO,CALLE 65A CARRERA 28-141,URBANA,TECNICO,3.55285,-76.29468,NO ESTAR PENDIENTE DE LA VIA,NO APLICA,CHOQUE,MASCULINO,NO APLICA,NO APLICA,CAMIONETA,KIA,CALI,PARTICULAR,NO APLICA,0
474,DAÑOS,2022-03-08,2022,20:50,NOCHE,MARTES,ZAMORANO,CALLE 65A CARRERA 28-141,URBANA,TECNICO,3.55285,-76.29468,NO ESTAR PENDIENTE DE LA VIA,NO APLICA,CHOQUE,MASCULINO,NO APLICA,NO APLICA,CAMION,JAC,GUACARI,PUBLICO,NO APLICA,0
475,HERIDOS,2022-03-09,2022,19:40,NOCHE,MIERCOLES,SANTA RITA,CARRERA 27 CALLE 38,URBANA,TECNICO,3.53466,-76.29674,ARRANCAR SIN PRECAUCION,MOTOCICLISTA,CHOQUE,MASCULINO,LESIONADO,PALMA,MOTO,AKT,PRADERA,PARTICULAR,NO APLICA,0
476,HERIDOS,2022-03-09,2022,19:40,NOCHE,MIERCOLES,SANTA RITA,CARRERA 27 CALLE 38,URBANA,TECNICO,3.53466,-76.29674,ARRANCAR SIN PRECAUCION,NO APLICA,CHOQUE,MASCULINO,NO APLICA,NO APLICA,AUTOMOVIL,KIA,CALI,PARTICULAR,NO APLICA,0
477,HERIDOS,2022-03-10,2022,05:50,MADRUGADA,JUEVES,URIBE,CALLE 34 CARRERA 21,URBANA,TECNICO,3.5303,-76.29253,DESOBEDESER SEÑAL,MOTOCICLISTA,CHOQUE,MASCULINO,LESIONADO,PALMA,MOTO,HONDA,CANDELARIA,PARTICULAR,NO APLICA,0
478,HERIDOS,2022-03-10,2022,05:50,MADRUGADA,JUEVES,URIBE,CALLE 34 CARRERA 21,URBANA,TECNICO,3.5303,-76.29253,DESOBEDESER SEÑAL,MOTOCICLISTA,CHOQUE,MASCULINO,LESIONADO,PALMA,MOTO,HONDA,BUGA,PARTICULAR,NO APLICA,0
479,HERIDOS,2022-03-10,2022,20:30,NOCHE,JUEVES,TRINIDAD,CALLE 29 CARRERA 23,URBANA,TECNICO,3.52554,-76.29489,DESOBEDESER SEÑAL,MOTOCICLISTA,CHOQUE,MASCULINO,LESIONADO,PALMIRA,MOTO,SUZUKI,CARTAGO,PARTICULAR,NO APLICA,0
480,HERIDOS,2022-03-10,2022,20:30,NOCHE,JUEVES,TRINIDAD,CALLE 29 CARRERA 23,URBANA,TECNICO,3.52554,-76.29489,DESOBEDESER SEÑAL,NO APLICA,CHOQUE,MASCULINO,NO APLICA,NO APLICA,MOTO,SUZUKI,PALMIRA,PARTICULAR,NO APLICA,0
481,HERIDOS,2022-03-10,2022,20:30,NOCHE,JUEVES,TRINIDAD,CALLE 29 CARRERA 23,URBANA,TECNICO,3.52554,-76.29489,DESOBEDESER SEÑAL,ACOMPAÑANTE MOTOCICLISTA,CHOQUE,FEMENINA,LESIONADO,PALMIRA,NO APLICA,NO APLICA,NO APLICA,NO APLICA,NO APLICA,0
482,HERIDOS,2022-03-11,2022,07:30,MAÑANA,VIERNES,SANTA BARBARA,CALLE 26 CARRERA 44-45,URBANA,TECNICO,3.52579,-76.31449,NO ESTAR PENDIENTE DE LA VIA,NO APLICA,CHOQUE,FEMENINA,NO APLICA,NO APLICA,AUTOMOVIL,BMW,COTA,PARTICULAR,NO APLICA,0
483,HERIDOS,2022-03-11,2022,07:30,MAÑANA,VIERNES,SANTA BARBARA,CALLE 26 CARRERA 44-45,URBANA,TECNICO,3.52579,-76.31449,NO ESTAR PENDIENTE DE LA VIA,MOTOCICLISTA,CHOQUE,MASCULINO,LESIONADO,PALMIRA,MOTO,YAMAHA,PALMIRA,PARTICULAR,NO APLICA,0
484,HERIDOS,2022-03-11,2022,07:30,MAÑANA,VIERNES,SANTA BARBARA,CALLE 26 CARRERA 44-45,URBANA,TECNICO,3.52579,-76.31449,NO ESTAR PENDIENTE DE LA VIA,MOTOCICLISTA,CHOQUE,MASCULINO,LESIONADO,FRACTURAS,MOTO,NO APLICA,NO APLICA,NO APLICA,NO APLICA,0
485,DAÑOS,2022-03-11,2022,12:30,TARDE,VIERNES,SANTA RITA,CARRERA 28 CALLE 37,URBANA,TECNICO,3.53362,-76.2979,NO MANTENER DISTANCIA SEGURIDAD,NO APLICA,CHOQUE,MASCULINO,NO APLICA,NO APLICA,AUTOMOVIL,RENAULT,CALI,PARTICULAR,NO APLICA,0
486,DAÑOS,2022-03-11,2022,12:30,TARDE,VIERNES,SANTA RITA,CARRERA 28 CALLE 37,URBANA,TECNICO,3.53362,-76.2979,NO MANTENER DISTANCIA SEGURIDAD,NO APLICA,CHOQUE,MASCULINO,NO APLICA,NO APLICA,CAMPERO,CHEVROLET,CALI,PARTICULAR,NO APLICA,0
487,DAÑOS,2022-03-11,2022,13:00,TARDE,VIERNES,SANTA RITA,CARRERA 27 CALLE 37,URBANA,TECNICO,3.53345,-76.29695,GIRAR BRUSCAMENTE,NO APLICA,CHOQUE,MASCULINO,NO APLICA,NO APLICA,AUTOMOVIL,BMW,BOGOTA,PARTICULAR,NO APLICA,0
488,DAÑOS,2022-03-11,2022,13:00,TARDE,VIERNES,SANTA RITA,CARRERA 27 CALLE 37,URBANA,TECNICO,3.53345,-76.29695,GIRAR BRUSCAMENTE,NO APLICA,CHOQUE,MASCULINO,NO APLICA,NO APLICA,AUTOMOVIL,JAC,PALMIRA,PUBLICO,UNITAX,0
489,HERIDOS,2022-03-11,2022,14:30,TARDE,VIERNES,COLOMBIA,CARRERA 31 CALLE 35,URBANA,TECNICO,3.53235,-76.30079,DESOBEDESER SEÑAL,NO APLICA,CHOQUE,MASCULINO,NO APLICA,NO APLICA,AUTOMOVIL,MAZDA,EL CERRITO,PARTICULAR,NO APLICA,0
490,HERIDOS,2022-03-11,2022,14:30,TARDE,VIERNES,COLOMBIA,CARRERA 31 CALLE 35,URBANA,TECNICO,3.53235,-76.30079,DESOBEDESER SEÑAL,MOTOCICLISTA,CHOQUE,MASCULINO,LESIONADO,PALMIRA,MOTO,SUZUKI,RIONEGRO,PARTICULAR,NO APLICA,0
491,DAÑOS,2022-03-12,2022,12:00,TARDE,SABADO,VERSALLES,CALLE 42 CARRERA 28,URBANA,TECNICO,3.53811,-76.29737,PONER EN MARCHA VEHICULO SIN PRECAUCION,NO APLICA,CHOQUE,MASCULINO,NO APLICA,NO APLICA,CAMIONETA,RENAULT,BOGOTA,PARTICULAR,NO APLICA,0
492,DAÑOS,2022-03-12,2022,12:00,TARDE,SABADO,VERSALLES,CALLE 42 CARRERA 28,URBANA,TECNICO,3.53811,-76.29737,PONER EN MARCHA VEHICULO SIN PRECAUCION,NO APLICA,CHOQUE,MASCULINO,NO APLICA,NO APLICA,BUS,CHEVROLET,MOSQUERA,PUBLICO,NO APLICA,0
493,DAÑOS,2022-03-12,2022,13:00,TARDE,SABADO,PORTAL SEMBRADOR,CALLE 25A CARRERA 23,URBANA,TECNICO,3.52219,-76.29505,ARRANCAR SIN PRECAUCION,NO APLICA,CHOQUE,FEMENINA,NO APLICA,NO APLICA,AUTOMOVIL,RENAULT,CALI,PARTICULAR,NO APLICA,0
494,DAÑOS,2022-03-12,2022,13:00,TARDE,SABADO,PORTAL SEMBRADOR,CALLE 25A CARRERA 23,URBANA,TECNICO,3.52219,-76.29505,ARRANCAR SIN PRECAUCION,NO APLICA,CHOQUE,FEMENINA,NO APLICA,NO APLICA,AUTOMOVIL,CHEVROLET,CALI,PARTICULAR,NO APLICA,0
495,HERIDOS,2022-03-12,2022,14:00,TARDE,SABADO,BARRIO NUEVO,CARRERA 32 CALLE 26,URBANA,TECNICO,3.52408,-76.30303,DESOBEDESER SEÑAL,NO APLICA,CHOQUE,MASCULINO,NO APLICA,NO APLICA,BUSETA,NISSAN,CUNDINAMARCA,PUBLICO,EXPRESO EL CERRITO,0
496,HERIDOS,2022-03-12,2022,14:00,TARDE,SABADO,BARRIO NUEVO,CARRERA 32 CALLE 26,URBANA,TECNICO,3.52408,-76.30303,DESOBEDESER SEÑAL,MOTOCICLISTA,CHOQUE,MASCULINO,LESIONADO,PALMIRA,MOTO,BAJAJ,PALMIRA,PARTICULAR,NO APLICA,0
497,HERIDOS,2022-03-12,2022,14:00,TARDE,SABADO,BARRIO NUEVO,CARRERA 32 CALLE 26,URBANA,TECNICO,3.52408,-76.30303,DESOBEDESER SEÑAL,ACOMPAÑANTE MOTOCICLISTA,CHOQUE,MASCULINO,LESIONADO,PALMIRA,NO APLICA,NO APLICA,NO APLICA,NO APLICA,NO APLICA,0
498,HERIDOS,2022-03-12,2022,17:50,TARDE,SABADO,COLOMBIA,CARRERA 30 CALLE 38,URBANA,TECNICO,3.53505,-76.2993,DESOBEDESER SEÑAL,MOTOCICLISTA,CHOQUE,MASCULINO,LESIONADO,PALMIRA,MOTO,HERO,FLORIDA,PARTICULAR,NO APLICA,0
499,HERIDOS,2022-03-12,2022,17:50,TARDE,SABADO,COLOMBIA,CARRERA 30 CALLE 38,URBANA,TECNICO,3.53505,-76.2993,DESOBEDESER SEÑAL,MOTOCICLISTA,CHOQUE,MASCULINO,LESIONADO,PALMA,MOTO,SUZUKI,PALMIRA,PARTICULAR,NO APLICA,0
500,HERIDOS,2022-03-12,2022,17:50,TARDE,SABADO,COLOMBIA,CARRERA 30 CALLE 38,URBANA,TECNICO,3.53505,-76.2993,DESOBEDESER SEÑAL,ACOMPAÑANTE MOTOCICLISTA,CHOQUE,FEMENINA,LESIONADO,PALMIRA,NO APLICA,NO APLICA,NO APLICA,NO APLICA,NO APLICA,0
501,HERIDOS,2022-03-12,2022,17:50,TARDE,SABADO,COLOMBIA,CARRERA 30 CALLE 38,URBANA,TECNICO,3.53505,-76.2993,DESOBEDESER SEÑAL,ACOMPAÑANTE MOTOCICLISTA,CHOQUE,FEMENINA,LESIONADO,PALMA,NO APLICA,NO APLICA,NO APLICA,NO APLICA,NO APLICA,0
502,HERIDOS,2022-03-12,2022,17:50,TARDE,SABADO,COLOMBIA,CARRERA 30 CALLE 38,URBANA,TECNICO,3.53505,-76.2993,DESOBEDESER SEÑAL,ACOMPAÑANTE MOTOCICLISTA,CHOQUE,FEMENINA,LESIONADO,PALMA,NO APLICA,NO APLICA,NO APLICA,NO APLICA,NO APLICA,0
503,HERIDOS,2022-03-12,2022,17:30,TARDE,SABADO,RINCON DEL BOSQUE,CALLE 31 CARRERA 7-8,URBANA,TECNICO,3.52571,-76.28203,NO MANTENER DISTANCIA SEGURIDAD,NO APLICA,CHOQUE,MASCULINO,NO APLICA,NO APLICA,AUTOMOVIL,CHERY,PALMIRA,PARTICULAR,NO APLICA,0
504,HERIDOS,2022-03-12,2022,17:30,TARDE,SABADO,RINCON DEL BOSQUE,CALLE 31 CARRERA 7-8,URBANA,TECNICO,3.52571,-76.28203,NO MANTENER DISTANCIA SEGURIDAD,MOTOCICLISTA,CHOQUE,MASCULINO,LESIONADO,PALMIRA,MOTO,AKT,PRADERA,PARTICULAR,NO APLICA,0
505,DAÑOS,2022-03-12,2022,14:00,TARDE,SABADO,SAN PEDRO,CALLE 37 CARRERA 18,URBANA,TECNICO,3.53284,-76.28983,DESOBEDESER SEÑAL,NO APLICA,CHOQUE,MASCULINO,NO APLICA,NO APLICA,AUTOMOVIL,HYUNDAI,PALMIRA,PUBLICO,TRANS UNION DE TAXIS,0
506,DAÑOS,2022-03-12,2022,14:00,TARDE,SABADO,SAN PEDRO,CALLE 37 CARRERA 18,URBANA,TECNICO,3.53284,-76.28983,DESOBEDESER SEÑAL,NO APLICA,CHOQUE,MASCULINO,NO APLICA,NO APLICA,MOTO,VICTORY,PALMIRA,PARTICULAR,NO APLICA,0
507,HERIDOS,2022-03-12,2022,23:30,NOCHE,SABADO,COLOMBINA,CALLE 31 CARRERA 18,URBANA,TECNICO,3.52685,-76.2904,DESOBEDESER SEÑAL,NO APLICA,CHOQUE,FEMENINA,NO APLICA,NO APLICA,AUTOMOVIL,CHEVROLET,CALI,PARTICULAR,NO APLICA,0
508,HERIDOS,2022-03-12,2022,23:30,NOCHE,SABADO,COLOMBINA,CALLE 31 CARRERA 18,URBANA,TECNICO,3.52685,-76.2904,DESOBEDESER SEÑAL,CONDUCTOR,CHOQUE,FEMENINA,LESIONADO,PALMIRA,AUTOMOVIL,FIAT,CALI,PARTICULAR,NO APLICA,0
509,HERIDOS,2022-03-12,2022,23:30,NOCHE,SABADO,COLOMBINA,CALLE 31 CARRERA 18,URBANA,TECNICO,3.52685,-76.2904,DESOBEDESER SEÑAL,ACOMPAÑANTE MOTOCICLISTA,CHOQUE,FEMENINA,LESIONADO,PALMIRA,NO APLICA,NO APLICA,NO APLICA,NO APLICA,NO APLICA,0
510,HERIDOS,2022-03-12,2022,23:30,NOCHE,SABADO,COLOMBINA,CALLE 31 CARRERA 18,URBANA,TECNICO,3.52685,-76.2904,DESOBEDESER SEÑAL,ACOMPAÑANTE MOTOCICLISTA,CHOQUE,FEMENINA,LESIONADO,PALMIRA,NO APLICA,NO APLICA,NO APLICA,NO APLICA,NO APLICA,0
511,HERIDOS,2022-03-12,2022,23:30,NOCHE,SABADO,COLOMBINA,CALLE 31 CARRERA 18,URBANA,TECNICO,3.52685,-76.2904,DESOBEDESER SEÑAL,NO APLICA,CHOQUE,FEMENINA,NO APLICA,NO APLICA,AUTOMOVIL,CHEVROLET,PALMIRA,PARTICULAR,NO APLICA,0
512,DAÑOS,2022-03-13,2022,09:40,MAÑANA,DOMINGO,MONTECLARO,CARRERA 28 CALLE 74,URBANA,TECNICO,3.55977,-76.29091,NO ESTAR PENDIENTE DE LA VIA,NO APLICA,CHOQUE,MASCULINO,NO APLICA,NO APLICA,AUTOMOVIL,VOLKSWAGEN,BOGOTA,PARTICULAR,NO APLICA,0
513,DAÑOS,2022-03-13,2022,09:40,MAÑANA,DOMINGO,MONTECLARO,CARRERA 28 CALLE 74,URBANA,TECNICO,3.55977,-76.29091,NO ESTAR PENDIENTE DE LA VIA,NO APLICA,CHOQUE,MASCULINO,NO APLICA,NO APLICA,MOTO,TVS,CALI,PARTICULAR,NO APLICA,0
514,DAÑOS,2022-03-13,2022,12:00,TARDE,DOMINGO,CAMPESTRE,CALLE 42 CARRERA 3,URBANA,TECNICO,3.5369,-76.27986,SEMAFORO EN ROJO,NO APLICA,CHOQUE,MASCULINO,NO APLICA,NO APLICA,AUTOMOVIL,KIA,CALI,PARTICULAR,NO APLICA,0
515,DAÑOS,2022-03-13,2022,12:00,TARDE,DOMINGO,CAMPESTRE,CALLE 42 CARRERA 3,URBANA,TECNICO,3.5369,-76.27986,SEMAFORO EN ROJO,NO APLICA,CHOQUE,MASCULINO,NO APLICA,NO APLICA,AUTOMOVIL,HYUNDAI,PALMIA,PUBLICO,NO APLICA,0
516,DAÑOS,2022-03-13,2022,13:00,TARDE,DOMINGO,PORTALES DEL RECREO,CALLE 21 CARRERA 30,URBANA,TECNICO,3.51976,-76.30206,DESOBEDESER SEÑAL,NO APLICA,CHOQUE,MASCULINO,NO APLICA,NO APLICA,AUTOMOVIL,NISSAN,JAMUNDI,PARTICULAR,NO APLICA,0
517,DAÑOS,2022-03-13,2022,13:00,TARDE,DOMINGO,PORTALES DEL RECREO,CALLE 21 CARRERA 30,URBANA,TECNICO,3.51976,-76.30206,DESOBEDESER SEÑAL,NO APLICA,CHOQUE,MASCULINO,NO APLICA,NO APLICA,AUTOMOVIL,SUZUKI,PALMIRA,PARTICULAR,NO APLICA,0
518,HERIDOS,2022-03-13,2022,21:40,NOCHE,DOMINGO,FRAY LUIS AMIGO,CALLE 42 CARRERA 49-50,URBANA,TECNICO,3.53834,-76.31844,EMBRIAGUEZ APARENTE,MOTOCICLISTA,CHOQUE,MASCULINO,LESIONADO,PALMIRA,MOTO,SUZUKI,PRADERA,PARTICULAR,NO APLICA,0
519,HERIDOS,2022-03-13,2022,21:40,NOCHE,DOMINGO,FRAY LUIS AMIGO,CALLE 42 CARRERA 49-50,URBANA,TECNICO,3.53834,-76.31844,EMBRIAGUEZ APARENTE,MOTOCICLISTA,CHOQUE,MASCULINO,LESIONADO,PALMIRA,MOTO,YAMAHA,CALI,PARTICULAR,NO APLICA,0
520,HERIDOS,2022-03-13,2022,23:30,NOCHE,DOMINGO,BARRIO NUEVO,CARRERA 30 CALLE 21,URBANA,TECNICO,3.51975,-76.30206,DESOBEDESER SEÑAL,MOTOCICLISTA,CHOQUE,FEMENINA,LESIONADO,PALMIRA,MOTO,SUZUKI,GUACARI,PARTICULAR,NO APLICA,0
521,HERIDOS,2022-03-13,2022,23:30,NOCHE,DOMINGO,BARRIO NUEVO,CARRERA 30 CALLE 21,URBANA,TECNICO,3.51975,-76.30206,DESOBEDESER SEÑAL,MOTOCICLISTA,CHOQUE,FEMENINA,LESIONADO,PALMIRA,MOTO,SUZUKI,PALMIRA,PARTICULAR,NO APLICA,0
522,HERIDOS,2022-03-13,2022,23:30,NOCHE,DOMINGO,BARRIO NUEVO,CARRERA 30 CALLE 21,URBANA,TECNICO,3.51975,-76.30206,DESOBEDESER SEÑAL,ACOMPAÑANTE MOTOCICLISTA,CHOQUE,FEMENINA,LESIONADO,PALMIRA,NO APLICA,NO APLICA,NO APLICA,NO APLICA,NO APLICA,0
523,HERIDOS,2022-03-13,2022,15:00,TARDE,DOMINGO,SAN PEDRO,CALLE 37 CARRERA 15,URBANA,TECNICO,3.53312,-76.2874,DESOBEDESER SEÑAL,MOTOCICLISTA,CHOQUE,MASCULINO,LESIONADO,IPS POSITIVA,MOTO,HONDA,FLORIDA,PARTICULAR,NO APLICA,0
524,HERIDOS,2022-03-13,2022,15:00,TARDE,DOMINGO,SAN PEDRO,CALLE 37 CARRERA 15,URBANA,TECNICO,3.53312,-76.2874,DESOBEDESER SEÑAL,NO APLICA,CHOQUE,MASCULINO,NO APLICA,NO APLICA,AUTOMOVIL,KIA,CALI,PARTICULAR,NO APLICA,0
525,HERIDOS,2022-03-13,2022,15:00,TARDE,DOMINGO,SAN PEDRO,CALLE 37 CARRERA 15,URBANA,TECNICO,3.53312,-76.2874,DESOBEDESER SEÑAL,ACOMPAÑANTE MOTOCICLISTA,CHOQUE,MASCULINO,LESIONADO,IPS POSITIVA,NO APLICA,NO APLICA,NO APLICA,NO APLICA,NO APLICA,0
526,DAÑOS,2022-03-14,2022,07:30,MAÑANA,LUNES,VERSALLES,CALLE 42 CARRERA 28,URBANA,TECNICO,3.53783,-76.29723,NO ESTAR PENDIENTE DE LA VIA,NO APLICA,CHOQUE,MASCULINO,NO APLICA,NO APLICA,TRACTO CAMION,INTERNATIONAL,CALI,PUBLICO,NO APLICA,0
527,DAÑOS,2022-03-14,2022,07:30,MAÑANA,LUNES,VERSALLES,CALLE 42 CARRERA 28,URBANA,TECNICO,3.53783,-76.29723,NO ESTAR PENDIENTE DE LA VIA,NO APLICA,CHOQUE,FEMENINA,NO APLICA,NO APLICA,CAMIONETA,CHEVROLET,BUGA,PARTICULAR,NO APLICA,0
528,DAÑOS,2022-03-14,2022,13:40,TARDE,LUNES,SANTA RITA,CALLE 36 CARRERA 28,URBANA,TECNICO,3.5328,-76.29804,SEMAFORO EN ROJO,NO APLICA,CHOQUE,MASCULINO,NO APLICA,NO APLICA,AUTOMOVIL,CHEVROLET,CALI,PARTICULAR,NO APLICA,0
529,DAÑOS,2022-03-14,2022,13:40,TARDE,LUNES,SANTA RITA,CALLE 36 CARRERA 28,URBANA,TECNICO,3.5328,-76.29804,SEMAFORO EN ROJO,NO APLICA,CHOQUE,MASCULINO,NO APLICA,NO APLICA,MOTO,BAJAJ,TULUA,PARTICULAR,NO APLICA,0
530,HERIDOS,2022-03-14,2022,14:00,TARDE,LUNES,TRINIDAD,CALLE 31 CARRERA 22,URBANA,TECNICO,3.5273,-76.29376,DESOBEDESER SEÑAL,MOTOCICLISTA,CHOQUE,MASCULINO,LESIONADO,IPS POSITIVA,AUTOMOVIL,HYUNDAI,PALMIRA,PUBLICO,UNITAX,0
531,HERIDOS,2022-03-14,2022,22:30,NOCHE,LUNES,ZAMORANO,CALLE 65 CARRERA 28-200,URBANA,TECNICO,3.55284,-76.29477,ADELANTAR INVADIENDO CARRIL,MOTOCICLISTA,CHOQUE,MASCULINO,LESIONADO,PALMIRA,MOTO,SUZUKI,YUMBO,PARTICULAR,NO APLICA,0
532,HERIDOS,2022-03-14,2022,22:30,NOCHE,LUNES,ZAMORANO,CALLE 65 CARRERA 28-200,URBANA,TECNICO,3.55284,-76.29477,ADELANTAR INVADIENDO CARRIL,NO APLICA,CHOQUE,MASCULINO,NO APLICA,NO APLICA,AUTOMOVIL,HYUNDAI,BOGOTA,PARTICULAR,NO APLICA,0
533,HERIDOS,2022-03-14,2022,22:30,NOCHE,LUNES,ZAMORANO,CALLE 65 CARRERA 28-200,URBANA,TECNICO,3.55284,-76.29477,ADELANTAR INVADIENDO CARRIL,ACOMPAÑANTE MOTOCICLISTA,CHOQUE,FEMENINA,LESIONADO,PALMIRA,NO APLICA,NO APLICA,NO APLICA,NO APLICA,NO APLICA,0
534,MUERTO,2022-03-15,2022,08:30,MAÑANA,MARTES,BRISAS DEL BOLO,CALLE 32 CARRERA 35,URBANA,TECNICO,3.52991,-76.30549,ARRANCAR SIN PRECAUCION,MOTOCICLISTA,CHOQUE,MASCULINO,MUERTO,PALMA,MOTO,BAJAJ,GUACARI,PARTICULAR,NO APLICA,1
535,HERIDOS,2022-03-15,2022,08:30,MAÑANA,MARTES,BRISAS DEL BOLO,CALLE 32 CARRERA 35,URBANA,TECNICO,3.52991,-76.30549,ARRANCAR SIN PRECAUCION,NO APLICA,CHOQUE,MASCULINO,NO APLICA,NO APLICA,CAMIONETA,NISSAN,CALI,PARTICULAR,NO APLICA,0
536,HERIDOS,2022-03-15,2022,08:30,MAÑANA,MARTES,BRISAS DEL BOLO,CALLE 32 CARRERA 35,URBANA,TECNICO,3.52991,-76.30549,ARRANCAR SIN PRECAUCION,ACOMPAÑANTE MOTOCICLISTA,CHOQUE,FEMENINA,LESIONADO,PALMA,NO APLICA,NO APLICA,NO APLICA,NO APLICA,NO APLICA,0
537,HERIDOS,2022-03-15,2022,11:30,MAÑANA,MARTES,INDUSTRIAL,CALLE 42 CARRERA 35,URBANA,TECNICO,3.53872,-76.30622,NO RESPETAR PRELACION,MOTOCICLISTA,CHOQUE,MASCULINO,LESIONADO,PALMIRA,MOTO,SUZUKI,PALMIRA,PARTICULAR,NO APLICA,0
538,HERIDOS,2022-03-15,2022,11:30,MAÑANA,MARTES,INDUSTRIAL,CALLE 42 CARRERA 35,URBANA,TECNICO,3.53872,-76.30622,NO RESPETAR PRELACION,MOTOCICLISTA,CHOQUE,MASCULINO,LESIONADO,PALMIRA,MOTO,SUZUKI,YUMBO,PARTICULAR,NO APLICA,0
539,HERIDOS,2022-03-15,2022,11:30,MAÑANA,MARTES,INDUSTRIAL,CALLE 42 CARRERA 35,URBANA,TECNICO,3.53872,-76.30622,NO RESPETAR PRELACION,ACOMPAÑANTE MOTOCICLISTA,CHOQUE,MASCULINO,LESIONADO,PALMIRA,NO APLICA,NO APLICA,NO APLICA,NO APLICA,NO APLICA,0
540,HERIDOS,2022-03-15,2022,17:20,TARDE,MARTES,BIZERTA,CALLE 37 CARRERA 22,URBANA,TECNICO,3.53301,-76.29302,DESOBEDESER SEÑAL,NO APLICA,CHOQUE,FEMENINA,NO APLICA,NO APLICA,AUTOMOVIL,KIA,CALI,PARTICULAR,NO APLICA,0
541,HERIDOS,2022-03-15,2022,17:20,TARDE,MARTES,BIZERTA,CALLE 37 CARRERA 22,URBANA,TECNICO,3.53301,-76.29302,DESOBEDESER SEÑAL,NO APLICA,CHOQUE,MASCULINO,NO APLICA,NO APLICA,MOTO,HONDA,TULUA,PARTICULAR,NO APLICA,0
542,HERIDOS,2022-03-15,2022,17:20,TARDE,MARTES,BIZERTA,CALLE 37 CARRERA 22,URBANA,TECNICO,3.53301,-76.29302,DESOBEDESER SEÑAL,ACOMPAÑANTE MOTOCICLISTA,CHOQUE,FEMENINA,LESIONADO,RAUL,NO APLICA,NO APLICA,NO APLICA,NO APLICA,NO APLICA,0
543,HERIDOS,2022-03-16,2022,07:30,MAÑANA,MIERCOLES,SAN CAYETANO,CALLE 40 CARRERA 21,URBANA,TECNICO,3.53561,-76.29182,DESOBEDESER SEÑAL,MOTOCICLISTA,CHOQUE,MASCULINO,LESIONADO,PALMA,MOTO,BAJAJ,FLORIDA,PARTICULAR,NO APLICA,0
544,HERIDOS,2022-03-16,2022,07:30,MAÑANA,MIERCOLES,SAN CAYETANO,CALLE 40 CARRERA 21,URBANA,TECNICO,3.53561,-76.29182,DESOBEDESER SEÑAL,MOTOCICLISTA,CHOQUE,MASCULINO,LESIONADO,IPS POSITIVA,MOTO,VICTORY,FLORIDA,PARTICULAR,NO APLICA,0
545,DAÑOS,2022-03-16,2022,11:30,MAÑANA,MIERCOLES,PRADO,CALLE 42 CARRERA 39-40,URBANA,TECNICO,3.53897,-76.31026,NO MANTENER DISTANCIA SEGURIDAD,NO APLICA,CHOQUE,FEMENINA,NO APLICA,NO APLICA,AUTOMOVIL,MAZDA,PALMIRA,PARTICULAR,NO APLICA,0
546,DAÑOS,2022-03-16,2022,11:30,MAÑANA,MIERCOLES,PRADO,CALLE 42 CARRERA 39-40,URBANA,TECNICO,3.53897,-76.31026,NO MANTENER DISTANCIA SEGURIDAD,NO APLICA,CHOQUE,MASCULINO,NO APLICA,NO APLICA,MOTO,AKT,PRADERA,PARTICULAR,NO APLICA,0
547,HERIDOS,2022-03-17,2022,09:40,MAÑANA,JUEVES,BARRIO NUEVO,CARRERA 29 CALLE 21,URBANA,TECNICO,3.5196,-76.30088,CRUZAR SIN OBSERVAR,MOTOCICLISTA,ATROPELLO,MASCULINO,LESIONADO,PALMIRA,MOTO,SUZUKI,PALMIRA,PARTICULAR,NO APLICA,0
548,HERIDOS,2022-03-17,2022,09:40,MAÑANA,JUEVES,BARRIO NUEVO,CARRERA 29 CALLE 21,URBANA,TECNICO,3.5196,-76.30088,CRUZAR SIN OBSERVAR,PEATON,ATROPELLO,FEMENINA,LESIONADO,PALMIRA,NO APLICA,NO APLICA,NO APLICA,NO APLICA,NO APLICA,0
549,HERIDOS,2022-03-17,2022,16:30,TARDE,JUEVES,CENTRO POBLADO POTRERILLO,AVENIDAD 4 CALLE 3,RURAL,TECNICO,3.55493,-76.20109,NO RESPETAR PRELACION,MOTOCICLISTA,CHOQUE,MASCULINO,LESIONADO,PALMIRA,MOTO,JINCHENG,EL CERRITO,PARTICULAR,NO APLICA,0
550,HERIDOS,2022-03-17,2022,16:30,TARDE,JUEVES,CENTRO POBLADO POTRERILLO,AVENIDAD 4 CALLE 3,RURAL,TECNICO,3.55493,-76.20109,NO RESPETAR PRELACION,MOTOCICLISTA,CHOQUE,MASCULINO,LESIONADO,PALMIRA,MOTO,HONDA,PALMIRA,PARTICULAR,NO APLICA,0