,GRAVEDAD,FECHA,AÑO,HORA,JORNADA,DIA_SEMANA,BARRIO-CORREGIMIENTO-VIA,DIRECCION,ZONA,AUTORIDAD,LAT,LONG,HIPOTESIS,CONDICION_VICTIMA,TIPO_ACCIDENTE,GENERO,LESIONADO,CLINICA,CLASE_VEHICULO,MARCA,MATRICULA,TIPO DE SERVICIO,EMPRESA,HOMICIDIOS
707,DAÑOS,2022-04-07,2022,13:45,TARDE,JUEVES,TRINIDAD,CALLE 31 CARRERA 21,URBANA,TECNICO,3.52719,-76.29291,DESOBEDESER SEÑAL,NO APLICA,CHOQUE,MASCULINO,NO APLICA,NO APLICA,AUTOMOVIL,CHEVROLET,PALMIRA,PARTICULAR,NO APLICA,0
708,DAÑOS,2022-04-07,2022,13:45,TARDE,JUEVES,TRINIDAD,CALLE 31 CARRERA 21,URBANA,TECNICO,3.52719,-76.29291,DESOBEDESER SEÑAL,NO APLICA,CHOQUE,MASCULINO,NO APLICA,NO APLICA,MOTO,BAJAJ,PRADERA,PARTICULAR,NO APLICA,0
709,DAÑOS,2022-04-07,2022,16:00,TARDE,JUEVES,SAN CAYETANO,CALLE 42 CARRERA 26-53,URBANA,TECNICO,3.53784,-76.29591,NO RESPETAR PRELACION,NO APLICA,CHOQUE,MASCULINO,NO APLICA,NO APLICA,AUTOMOVIL,KIA,PALMIRA,PARTICULAR,NO APLICA,0
710,DAÑOS,2022-04-07,2022,16:00,TARDE,JUEVES,SAN CAYETANO,CALLE 42 CARRERA 26-53,URBANA,TECNICO,3.53784,-76.29591,NO RESPETAR PRELACION,NO APLICA,CHOQUE,MASCULINO,NO APLICA,NO APLICA,MOTO,YAMAHA,PRADERA,PARTICULAR,NO APLICA,0
711,DAÑOS,2022-04-08,2022,10:45,MAÑANA,VIERNES,SANTA RITA,CALLE 33 CARRERA 27 -40,URBANA,TECNICO,3.53023,-76.29793,NO MANTENER DISTANCIA SEGURIDAD,NO APLICA,CHOQUE,MASCULINO,NO APLICA,NO APLICA,MOTO,SUZUKI,FLORIDA,PARTICULAR,NO APLICA,0
712,DAÑOS,2022-04-08,2022,10:45,MAÑANA,VIERNES,SANTA RITA,CALLE 33 CARRERA 27 -40,URBANA,TECNICO,3.53023,-76.29793,NO MANTENER DISTANCIA SEGURIDAD,NO APLICA,CHOQUE,MASCULINO,NO APLICA,NO APLICA,MICROBUS,HYUNDAI,PALMIRA,PARTICULAR,NO APLICA,0
713,DAÑOS,2022-04-09,2022,10:30,MAÑANA,SABADO,SANTA TERESITA,CARRERA 35 CALLE 49-50,URBANA,TECNICO,3.54399,-76.30758,NO MANTENER DISTANCIA SEGURIDAD,NO APLICA,CHOQUE,MASCULINO,NO APLICA,NO APLICA,CAMIONETA,RENAULT,FUNZA,PARTICULAR,NO APLICA,0
714,DAÑOS,2022-04-09,2022,10:30,MAÑANA,SABADO,SANTA TERESITA,CARRERA 35 CALLE 49-50,URBANA,TECNICO,3.54399,-76.30758,NO MANTENER DISTANCIA SEGURIDAD,NO APLICA,CHOQUE,MASCULINO,NO APLICA,NO APLICA,MOTOCARRO,AYCO,PALMIRA,PUBLICO,NO APLICA,0
715,DAÑOS,2022-04-09,2022,11:00,MAÑANA,SABADO,LIBERTADORES,CALLE 28 CARRERA 21-17,URBANA,TECNICO,3.52458,-76.29362,REVERSO IMPRUDENTE,NO APLICA,CHOQUE,MASCULINO,NO APLICA,NO APLICA,AUTOMOVIL,FORD,CALI,PARTICULAR,NO APLICA,0
716,DAÑOS,2022-04-09,2022,11:00,MAÑANA,SABADO,LIBERTADORES,CALLE 28 CARRERA 21-17,URBANA,TECNICO,3.52458,-76.29362,REVERSO IMPRUDENTE,NO APLICA,CHOQUE,MASCULINO,NO APLICA,NO APLICA,CAMIONETA,SUZUKI,PALMIRA,PARTICULAR,NO APLICA,0
717,DAÑOS,2022-04-09,2022,10:40,MAÑANA,SABADO,AEROPUERTO,PISO 1 PUERTA 2,RURAL,TECNICO,3.53524,-76.38837,ARRANCAR SIN PRECAUCION,NO APLICA,CHOQUE,MASCULINO,NO APLICA,NO APLICA,AUTOMOVIL,RENAULT,CALI,PARTICULAR,NO APLICA,0
718,DAÑOS,2022-04-09,2022,10:40,MAÑANA,SABADO,AEROPUERTO,PISO 1 PUERTA 2,RURAL,TECNICO,3.53524,-76.38837,ARRANCAR SIN PRECAUCION,NO APLICA,CHOQUE,MASCULINO,NO APLICA,NO APLICA,BUSETA,HINO,PALMIRA,PARTICULAR,NO APLICA,0
719,DAÑOS,2022-04-09,2022,11:50,MAÑANA,SABADO,CHAPINERO SUR,DIAGONAL 4 TRASNVERSAL 31G,URBANA,TECNICO,3.50467,-76.3136,PERDIDA DEL CONTROL DEL VEHICULO,NO APLICA,CHOQUE,MASCULINO,NO APLICA,NO APLICA,MOTO,AKT,PRADERA,PARTICULAR,NO APLICA,0
720,DAÑOS,2022-04-09,2022,11:50,MAÑANA,SABADO,CHAPINERO SUR,DIAGONAL 4 TRASNVERSAL 31G,URBANA,TECNICO,3.50467,-76.3136,PERDIDA DEL CONTROL DEL VEHICULO,NO APLICA,CHOQUE,MASCULINO,NO APLICA,NO APLICA,AUTOMOVIL,RENAULT,CALI,PARTICULAR,NO APLICA,0
721,MUERTO,2022-04-10,2022,07:35,MAÑANA,DOMINGO,SAN PEDRO,CALLE 40 CARRERA 15-32,URBANA,TECNICO,3.53566,-76.28791,POR ESTABLECER,MOTOCICLISTA,CHOQUE POSTE,MASCULINO,MUERTO,NO APLICA,MOTO,BAJAJ,RIO NEGRO,PARTICULAR,NO APLICA,1
722,DAÑOS,2022-04-11,2022,08:30,MAÑANA,LUNES,CENTRO,CARRERA 26 CALLE 30-56,URBANA,TECNICO,3.52631,-76.29735,GIRAR BRUSCAMENTE,NO APLICA,CHOQUE,MASCULINO,NO APLICA,NO APLICA,MOTO,HONDA,GUACARI,PARTICULAR,NO APLICA,0
723,DAÑOS,2022-04-11,2022,08:30,MAÑANA,LUNES,CENTRO,CARRERA 26 CALLE 30-56,URBANA,TECNICO,3.52631,-76.29735,GIRAR BRUSCAMENTE,NO APLICA,CHOQUE,MASCULINO,NO APLICA,NO APLICA,AUTOMOVIL,CHEVROLET,JAMUNDI,PARTICULAR,NO APLICA,0
724,DAÑOS,2022-04-11,2022,10:10,MAÑANA,LUNES,PRADO,CALLE 42 CARRERA 39-12,URBANA,TECNICO,3.53896,-76.30993,NO MANTENER DISTANCIA SEGURIDAD,NO APLICA,CHOQUE,MASCULINO,NO APLICA,NO APLICA,MOTO,BAJAJ,FLORIDA,PARTICULAR,NO APLICA,0
725,DAÑOS,2022-04-11,2022,10:10,MAÑANA,LUNES,PRADO,CALLE 42 CARRERA 39-12,URBANA,TECNICO,3.53896,-76.30993,NO MANTENER DISTANCIA SEGURIDAD,NO APLICA,CHOQUE,MASCULINO,NO APLICA,NO APLICA,BUS,HINO,GUACARI,PUBLICO,TRANSOTE SOLARTE,0
726,MUERTO,2022-04-10,2022,17:00,TARDE,DOMINGO,CENTRO,CARRERA 32 CALLE 28-06,URBANA,TECNICO,3.52586,-76.30268,POR ESTABLECER,PEATON,ATROPELLO,MASCULINO,MUERTO,NO APLICA,NO APLICA,NO APLICA,NO APLICA,NO APLICA,NO APLICA,1
727,HERIDOS,2022-04-11,2022,18:40,NOCHE,LUNES,BENEDICTA,CALLE 47 CARRERA 34A,URBANA,TECNICO,3.54256,-76.30287,ARRANCAR SIN PRECAUCION,MOTOCICLISTA,CHOQUE,MASCULINO,LESIONADO,IPS POSITIVA,MOTO,BAJAJ,FLORIDA,PARTICULAR,NO APLICA,0
728,HERIDOS,2022-04-11,2022,18:40,NOCHE,LUNES,BENEDICTA,CALLE 47 CARRERA 34A,URBANA,TECNICO,3.54256,-76.30287,ARRANCAR SIN PRECAUCION,NO APLICA,CHOQUE,MASCULINO,NO APLICA,NO APLICA,AUTOMOVIL,KIA,CALI,PARTICULAR,NO APLICA,0
729,HERIDOS,2022-04-12,2022,12:20,TARDE,MARTES,URIBE,CALLE 33 CARRERA 24,URBANA,TECNICO,3.52987,-76.29517,DESOBEDESER SEÑAL,MOTOCICLISTA,CHOQUE,MASCULINO,LESIONADO,PALMIRA,MOTO,HONDA,FLORIDA,PARTICULAR,NO APLICA,0
730,HERIDOS,2022-04-12,2022,12:20,TARDE,MARTES,URIBE,CALLE 33 CARRERA 24,URBANA,TECNICO,3.52987,-76.29517,DESOBEDESER SEÑAL,NO APLICA,CHOQUE,MASCULINO,NO APLICA,NO APLICA,AUTOMOVIL,SUZUKI,FUNZA,PARTICULAR,NO APLICA,0
731,DAÑOS,2022-04-13,2022,08:20,MAÑANA,MIERCOLES,ZONA FRANCA DEL PACIFICO,CALLE 4 CARRERA 5,RURAL,TECNICO,3.56325,-76.45009,FALLA SOPORTE QUINTA RUEDA,NO APLICA,VOLCAMIENTO,MASCULINO,NO APLICA,NO APLICA,TRACTO CAMION,FORD,CALI,PUBLICO,NO APLICA,0
732,HERIDOS,2022-04-13,2022,16:50,TARDE,MIERCOLES,LA EMILIA,CALLE 36 CARRERA 37,URBANA,TECNICO,3.53375,-76.30736,ARRANCAR SIN PRECAUCION,MOTOCICLISTA,CHOQUE,MASCULINO,LESIONADO,PALMA,MOTO,BAJAJ,PALMIRA,PARTICULAR,NO APLICA,0
733,HERIDOS,2022-04-13,2022,16:50,TARDE,MIERCOLES,LA EMILIA,CALLE 36 CARRERA 37,URBANA,TECNICO,3.53375,-76.30736,ARRANCAR SIN PRECAUCION,NO APLICA,CHOQUE,MASCULINO,NO APLICA,NO APLICA,AUTOMOVIL,AUDI,CALARCA,PARTICULAR,NO APLICA,0
734,HERIDOS,2022-04-13,2022,16:50,TARDE,MIERCOLES,LA EMILIA,CALLE 36 CARRERA 37,URBANA,TECNICO,3.53375,-76.30736,ARRANCAR SIN PRECAUCION,ACOMPAÑANTE MOTOCICLISTA,CHOQUE,MASCULINO,LESIONADO,PALMA,NO APLICA,NO APLICA,NO APLICA,NO APLICA,NO APLICA,0
735,HERIDOS,2022-04-15,2022,12:00,TARDE,VIERNES,CENTRO,CARRERA 28 CALLE 27,URBANA,TECNICO,3.52443,-76.29935,DESOBEDESER SEÑAL,CICLISTA,CHOQUE,MASCULINO,LESIONADO,PALMA,BICICLETA,NO APLICA,NO APLICA,PARTICULAR,NO APLICA,0
736,HERIDOS,2022-04-15,2022,12:00,TARDE,VIERNES,CENTRO,CARRERA 28 CALLE 27,URBANA,TECNICO,3.52443,-76.29935,DESOBEDESER SEÑAL,NO APLICA,CHOQUE,MASCULINO,NO APLICA,NO APLICA,AUTOMOVIL,KIA,POPAYAN,PARTICULAR,NO APLICA,0
737,HERIDOS,2022-04-15,2022,20:59,NOCHE,VIERNES,PRIMERO DE MAYO,CALLE 41 CARRERA 13,URBANA,TECNICO,3.53637,-76.28575,TRANSITAR EN CONTRA VIA,NO APLICA,CHOQUE,MASCULINO,NO APLICA,NO APLICA,AUTOMOVIL,KIA,PALMIRA,PUBLICO,FLOTA PALMIRA,0
738,HERIDOS,2022-04-15,2022,20:59,NOCHE,VIERNES,PRIMERO DE MAYO,CALLE 41 CARRERA 13,URBANA,TECNICO,3.53637,-76.28575,TRANSITAR EN CONTRA VIA,MOTOCICLISTA,CHOQUE,MASCULINO,LESIONADO,PALMA,MOTO,YAMAHA,CALI,PARTICULAR,NO APLICA,0
739,HERIDOS,2022-04-16,2022,08:50,MAÑANA,SABADO,BARRIO NUEVO,CARRERA 31 CALLE 24,URBANA,TECNICO,3.52754,-76.29545,ARRANCAR SIN PRECAUCION,MOTOCICLISTA,CHOQUE,MASCULINO,LESIONADO,PALMIRA,MOTO,SUZUKI,PALMIRA,PARTICULAR,NO APLICA,0
740,HERIDOS,2022-04-16,2022,08:50,MAÑANA,SABADO,BARRIO NUEVO,CARRERA 31 CALLE 24,URBANA,TECNICO,3.52754,-76.29545,ARRANCAR SIN PRECAUCION,NO APLICA,CHOQUE,FEMENINA,NO APLICA,NO APLICA,CAMIONETA,DS,BOGOTA,PARTICULAR,NO APLICA,0
741,HERIDOS,2022-04-16,2022,08:50,MAÑANA,SABADO,BARRIO NUEVO,CARRERA 31 CALLE 24,URBANA,TECNICO,3.52754,-76.29545,ARRANCAR SIN PRECAUCION,ACOMPAÑANTE MOTOCICLISTA,CHOQUE,FEMENINA,LESIONADO,RAUL,NO APLICA,NO APLICA,NO APLICA,NO APLICA,NO APLICA,0
742,HERIDOS,2022-04-16,2022,08:45,MAÑANA,SABADO,COLOMBINA,CALLE 29 CARRERA 13,URBANA,TECNICO,3.52456,-76.28663,ARRANCAR SIN PRECAUCION,MOTOCICLISTA,CHOQUE,MASCULINO,LESIONADO,IPS POSITIVA,MOTO,HERO,FLORIDA,PARTICULAR,NO APLICA,0
743,HERIDOS,2022-04-16,2022,08:45,MAÑANA,SABADO,COLOMBINA,CALLE 29 CARRERA 13,URBANA,TECNICO,3.52456,-76.28663,ARRANCAR SIN PRECAUCION,NO APLICA,CHOQUE,MASCULINO,NO APLICA,NO APLICA,AUTOMOVIL,RENAULT,BOGOTA,PARTICULAR,NO APLICA,0
744,HERIDOS,2022-04-16,2022,10:10,MAÑANA,SABADO,COLOMBIA,CALLE 33 CARRERA 30,URBANA,TECNICO,3.53059,-76.3001,SEMAFORO EN ROJO,MOTOCICLISTA,CHOQUE,MASCULINO,LESIONADO,PALMIRA,MOTO,BAJAJ,FLORIDA,PARTICULAR,NO APLICA,0
745,HERIDOS,2022-04-16,2022,10:10,MAÑANA,SABADO,COLOMBIA,CALLE 33 CARRERA 30,URBANA,TECNICO,3.53059,-76.3001,SEMAFORO EN ROJO,NO APLICA,CHOQUE,MASCULINO,NO APLICA,NO APLICA,AUTOMOVIL,KIA,PALMIRA,PUBLICO,COOP TRANS PALMERAS,0
746,HERIDOS,2022-04-16,2022,10:10,MAÑANA,SABADO,COLOMBIA,CALLE 33 CARRERA 30,URBANA,TECNICO,3.53059,-76.3001,SEMAFORO EN ROJO,ACOMPAÑANTE MOTOCICLISTA,CHOQUE,MASCULINO,LESIONADO,PALMIRA,NO APLICA,NO APLICA,NO APLICA,NO APLICA,NO APLICA,0
747,DAÑOS,2022-04-17,2022,10:25,MAÑANA,DOMINGO,COLOMBIA,CALLE 33 CARRERA 30,URBANA,TECNICO,3.53059,-76.3001,SEMAFORO EN ROJO,NO APLICA,CHOQUE,MASCULINO,NO APLICA,NO APLICA,MOTO,BAJAJ,GUACARI,PARTICULAR,NO APLICA,0
748,DAÑOS,2022-04-17,2022,10:25,MAÑANA,DOMINGO,COLOMBIA,CALLE 33 CARRERA 30,URBANA,TECNICO,3.53059,-76.3001,SEMAFORO EN ROJO,NO APLICA,CHOQUE,MASCULINO,NO APLICA,NO APLICA,AUTOMOVIL,CHEVROLET,GUACARI,PARTICULAR,NO APLICA,0
749,DAÑOS,2022-04-17,2022,10:20,MAÑANA,DOMINGO,VERSALLES,CALLE 41 CARRERA 28,URBANA,TECNICO,3.53719,-76.29735,TRANSITAR ENTRE VEHICULOS,NO APLICA,CHOQUE,MASCULINO,NO APLICA,NO APLICA,AUTOMOVIL,HYUNDAI,PALMIRA,PUBLICO,COOP TRANS PALMERAS,0
750,DAÑOS,2022-04-17,2022,10:20,MAÑANA,DOMINGO,VERSALLES,CALLE 41 CARRERA 28,URBANA,TECNICO,3.53719,-76.29735,TRANSITAR ENTRE VEHICULOS,NO APLICA,CHOQUE,MASCULINO,NO APLICA,NO APLICA,MOTO,AKT,CALI,PARTICULAR,NO APLICA,0
751,HERIDOS,2022-04-16,2022,17:50,TARDE,SABADO,BIZERTA,CALLE 36 CARRERA 21,URBANA,TECNICO,3.53203,-76.29231,DESOBEDESER SEÑAL,NO APLICA,CHOQUE,MASCULINO,NO APLICA,NO APLICA,CAMIONETA,RENAULT,CALI,OFICIAL,NO APLICA,0
752,HERIDOS,2022-04-16,2022,17:50,TARDE,SABADO,BIZERTA,CALLE 36 CARRERA 21,URBANA,TECNICO,3.53203,-76.29231,DESOBEDESER SEÑAL,NO APLICA,CHOQUE,MASCULINO,NO APLICA,NO APLICA,AUTOMOVIL,CHEVROLET,ANDALUCIA,PARTICULAR,NO APLICA,0
753,HERIDOS,2022-04-16,2022,17:50,TARDE,SABADO,BIZERTA,CALLE 36 CARRERA 21,URBANA,TECNICO,3.53203,-76.29231,DESOBEDESER SEÑAL,ACOMPAÑANTE CONDUCTOR,CHOQUE,FEMENINA,LESIONADO,PALMIRA,NO APLICA,NO APLICA,NO APLICA,NO APLICA,NO APLICA,0
754,HERIDOS,2022-04-16,2022,17:50,TARDE,SABADO,BIZERTA,CALLE 36 CARRERA 21,URBANA,TECNICO,3.53203,-76.29231,DESOBEDESER SEÑAL,ACOMPAÑANTE MOTOCICLISTA,CHOQUE,MASCULINO,LESIONADO,PALMIRA,NO APLICA,NO APLICA,NO APLICA,NO APLICA,NO APLICA,0
755,DAÑOS,2022-04-16,2022,20:15,NOCHE,SABADO,ESTONIA,CARRERA 32 CALLE 45-14,URBANA,TECNICO,3.54065,-76.3007,NO ESTAR PENDIENTE DE LA VIA,NO APLICA,CHOQUE,FEMENINA,NO APLICA,NO APLICA,CAMIONETA,CHEVROLET,PALMIRA,PARTICULAR,NO APLICA,0
756,DAÑOS,2022-04-16,2022,20:15,NOCHE,SABADO,ESTONIA,CARRERA 32 CALLE 45-14,URBANA,TECNICO,3.54065,-76.3007,NO ESTAR PENDIENTE DE LA VIA,NO APLICA,CHOQUE,MASCULINO,NO APLICA,NO APLICA,AUTOMOVIL,RENAULT,CALI,PARTICULAR,NO APLICA,0
757,DAÑOS,2022-04-17,2022,13:50,TARDE,DOMINGO,CENTRO,CARRERA 28 CALLE 32-18,URBANA,TECNICO,3.5288,-76.29858,PONER EN MARCHA VEHICULO SIN PRECAUCION,NO APLICA,CHOQUE,MASCULINO,NO APLICA,NO APLICA,MICROBUS,HYUNDAI,PALMIRA,PUBLICO,MONTEBELLO,0
758,DAÑOS,2022-04-17,2022,13:50,TARDE,DOMINGO,CENTRO,CARRERA 28 CALLE 32-18,URBANA,TECNICO,3.5288,-76.29858,PONER EN MARCHA VEHICULO SIN PRECAUCION,NO APLICA,CHOQUE,MASCULINO,NO APLICA,NO APLICA,AUTOMOVIL,MAZDA,CALI,PARTICULAR,NO APLICA,0
759,MUERTO,2022-04-17,2022,20:15,NOCHE,DOMINGO,PRADO DE ORIENTE,CALLE 32B CARRERA 2A-23,URBANA,TECNICO,3.52781,-76.27876,FALTA DE PERICIA,MOTOCICLISTA,VOLCAMIENTO,MASCULINO,MUERTO,NO APLICA,MOTO,KAWASAKI,PRADERA,PARTICULAR,NO APLICA,1
760,DAÑOS,2022-04-18,2022,08:40,MAÑANA,LUNES,BARRIO NUEVO,CARRERA 31 CALLE 21-16,URBANA,TECNICO,3.52016,-76.30291,ARRANCAR SIN PRECAUCION,NO APLICA,CHOQUE,MASCULINO,NO APLICA,NO APLICA,MOTO,HONDA,GUACARI,PARTICULAR,NO APLICA,0
761,DAÑOS,2022-04-18,2022,08:40,MAÑANA,LUNES,BARRIO NUEVO,CARRERA 31 CALLE 21-16,URBANA,TECNICO,3.52016,-76.30291,ARRANCAR SIN PRECAUCION,NO APLICA,CHOQUE,MASCULINO,NO APLICA,NO APLICA,AUTOMOVIL,MAZDA,MEDELLIN,PARTICULAR,NO APLICA,0
762,HERIDOS,2022-04-18,2022,14:20,TARDE,LUNES,COLOMBIA,CALLE 36 CARRERA 31,URBANA,TECNICO,3.53319,-76.30065,NO MANTENER DISTANCIA SEGURIDAD,NO APLICA,CHOQUE,FEMENINA,NO APLICA,NO APLICA,AUTOMOVIL,HYUNDAI,CALI,PARTICULAR,NO APLICA,0
763,HERIDOS,2022-04-18,2022,14:20,TARDE,LUNES,COLOMBIA,CALLE 36 CARRERA 31,URBANA,TECNICO,3.53319,-76.30065,NO MANTENER DISTANCIA SEGURIDAD,MOTOCICLISTA,CHOQUE,MASCULINO,LESIONADO,FRACTURAS,MOTO,HONDA,FLORIDA,PARTICULAR,NO APLICA,0
764,DAÑOS,2022-04-18,2022,17:00,TARDE,LUNES,CHAPINERO SUR,CARRERA 32 DIAGONAL 4,URBANA,TECNICO,3.50563,-76.31448,ADELANTAR POR LA DERECHA,NO APLICA,CHOQUE,MASCULINO,NO APLICA,NO APLICA,CAMIONETA,NISSAN,CHACHAGUI,PARTICULAR,NO APLICA,0
765,DAÑOS,2022-04-19,2022,07:45,MAÑANA,MARTES,VERSALLES,CALLE 42 CARRERA 31-80,URBANA,TECNICO,3.53842,-76.30052,ADELANTAR POR LA DERECHA,NO APLICA,CHOQUE,MASCULINO,NO APLICA,NO APLICA,AUTOMOVIL,CHEVROLET,CALI,PARTICULAR,NO APLICA,0
766,DAÑOS,2022-04-19,2022,07:45,MAÑANA,MARTES,VERSALLES,CALLE 42 CARRERA 31-80,URBANA,TECNICO,3.53842,-76.30052,ADELANTAR POR LA DERECHA,NO APLICA,CHOQUE,FEMENINA,NO APLICA,NO APLICA,MOTO,HONDA,FLORIDA,PARTICULAR,NO APLICA,0
767,HERIDOS,2022-04-19,2022,09:00,MAÑANA,MARTES,OLIMPICO,CARRERA 36 CALLE 23,URBANA,TECNICO,3.52202,-76.30761,DESOBEDESER SEÑAL,MOTOCICLISTA,CHOQUE,MASCULINO,LESIONADO,PALMA,MOTO,SUZUKI,PALMIRA,PARTICULAR,NO APLICA,0
768,HERIDOS,2022-04-19,2022,09:00,MAÑANA,MARTES,OLIMPICO,CARRERA 36 CALLE 23,URBANA,TECNICO,3.52202,-76.30761,DESOBEDESER SEÑAL,MOTOCICLISTA,CHOQUE,MASCULINO,LESIONADO,PALMIRA,MOTO,SUZUKI,EL BORDO,PARTICULAR,NO APLICA,0
769,HERIDOS,2022-04-19,2022,12:10,TARDE,MARTES,CORONADO,CARRERA 35 CALLE 55,URBANA,TECNICO,3.54673,-76.31018,ARRANCAR SIN PRECAUCION,MOTOCICLISTA,CHOQUE,MASCULINO,LESIONADO,PALMA,MOTO,HERO,FLORIDA,PARTICULAR,NO APLICA,0
770,HERIDOS,2022-04-19,2022,12:10,TARDE,MARTES,CORONADO,CARRERA 35 CALLE 55,URBANA,TECNICO,3.54673,-76.31018,ARRANCAR SIN PRECAUCION,NO APLICA,CHOQUE,MASCULINO,NO APLICA,NO APLICA,CAMIONETA,NISSAN,BOGOTA,PARTICULAR,NO APLICA,0
771,HERIDOS,2022-04-19,2022,12:10,TARDE,MARTES,CORONADO,CARRERA 35 CALLE 55,URBANA,TECNICO,3.54673,-76.31018,ARRANCAR SIN PRECAUCION,ACOMPAÑANTE MOTOCICLISTA,CHOQUE,FEMENINA,LESIONADO,PALMA,NO APLICA,NO APLICA,NO APLICA,NO APLICA,NO APLICA,0
772,DAÑOS,2022-04-19,2022,13:00,TARDE,MARTES,LORETO,CALLE 37 CARRERA 34,URBANA,TECNICO,3.5345,-76.30354,ARRANCAR SIN PRECAUCION,NO APLICA,CHOQUE,MASCULINO,NO APLICA,NO APLICA,AUTOMOVIL,FORD,CALI,PARTICULAR,NO APLICA,0
773,DAÑOS,2022-04-19,2022,13:00,TARDE,MARTES,LORETO,CALLE 37 CARRERA 34,URBANA,TECNICO,3.5345,-76.30354,ARRANCAR SIN PRECAUCION,NO APLICA,CHOQUE,MASCULINO,NO APLICA,NO APLICA,AUTOMOVIL,KIA,CALI,PARTICULAR,NO APLICA,0
774,DAÑOS,2022-04-19,2022,21:10,NOCHE,MARTES,SANTA RITA,CARRERA 28 CALLE 38,URBANA,TECNICO,3.5348,-76.29779,SEMAFORO EN ROJO,NO APLICA,CHOQUE,FEMENINA,NO APLICA,NO APLICA,MOTO,YAMAHA,PRADERA,PARTICULAR,NO APLICA,0
775,DAÑOS,2022-04-19,2022,21:10,NOCHE,MARTES,SANTA RITA,CARRERA 28 CALLE 38,URBANA,TECNICO,3.5348,-76.29779,SEMAFORO EN ROJO,NO APLICA,CHOQUE,MASCULINO,NO APLICA,NO APLICA,CAMIONETA,RENAULT,GUACARI,PARTICULAR,NO APLICA,0
776,MUERTO,2022-04-19,2022,15:10,TARDE,MARTES,CENTRO POBLADO BOLO,CALLE 2 N 8-102 + 300 MTS,RURAL,TECNICO,3.46351,-76.34043,IMPERICIA EN EL MANEJO,NO APLICA,CHOQUE,MASCULINO,NO APLICA,NO APLICA,MICROBUS,AGRALE,CIRCASIA,PUBLICO,NO APLICA,0
777,MUERTO,2022-04-19,2022,15:10,TARDE,MARTES,CENTRO POBLADO BOLO,CALLE 2 N 8-102 + 300 MTS,RURAL,TECNICO,3.46351,-76.34043,IMPERICIA EN EL MANEJO,MOTOCICLISTA,CHOQUE,MASCULINO,MUERTO,PALMA,MOTO,AKT,VILLAVICENCIO,PARTICULAR,NO APLICA,1
778,HERIDOS,2022-04-20,2022,05:55,MADRUGADA,MIERCOLES,SAN PEDRO,CARRERA 19 CALLE 36-66,URBANA,TECNICO,3.5321,-76.29051,POR ESTABLECER,MOTOCICLISTA,CHOQUE,MASCULINO,LESIONADO,PALMIRA,MOTO,VICTORY,FLORIDA,PARTICULAR,NO APLICA,0
779,HERIDOS,2022-04-20,2022,05:55,MADRUGADA,MIERCOLES,SAN PEDRO,CARRERA 19 CALLE 36-66,URBANA,TECNICO,3.5321,-76.29051,POR ESTABLECER,CICLISTA,CHOQUE,MASCULINO,LESIONADO,PALMIRA,BICICLETA,NO APLICA,NO APLICA,PARTICULAR,NO APLICA,0
780,HERIDOS,2022-04-20,2022,05:55,MADRUGADA,MIERCOLES,SAN PEDRO,CARRERA 19 CALLE 36-66,URBANA,TECNICO,3.5321,-76.29051,POR ESTABLECER,ACOMPAÑANTE MOTOCICLISTA,CHOQUE,MASCULINO,LESIONADO,PALMIRA,NO APLICA,NO APLICA,NO APLICA,NO APLICA,NO APLICA,0
781,HERIDOS,2022-04-20,2022,05:55,MADRUGADA,MIERCOLES,SAN PEDRO,CARRERA 19 CALLE 36-66,URBANA,TECNICO,3.5321,-76.29051,POR ESTABLECER,MOTOCICLISTA,CHOQUE,MASCULINO,LESIONADO,PALMIRA,MOTO,HONDA,BUGA,PARTICULAR,NO APLICA,0
782,HERIDOS,2022-04-20,2022,07:15,MAÑANA,MIERCOLES,CENTRO,CALLE 27 CARRERA 33,URBANA,TECNICO,3.52503,-76.30357,ARRANCAR SIN PRECAUCION,MOTOCICLISTA,CHOQUE,MASCULINO,LESIONADO,PALMIRA,MOTO,HERO,PALMIRA,PARTICULAR,NO APLICA,0
783,HERIDOS,2022-04-20,2022,07:15,MAÑANA,MIERCOLES,CENTRO,CALLE 27 CARRERA 33,URBANA,TECNICO,3.52503,-76.30357,ARRANCAR SIN PRECAUCION,NO APLICA,CHOQUE,FEMENINA,NO APLICA,PALMIRA,AUTOMOVIL,CHEVROLET,IBAGUE,PARTICULAR,NO APLICA,0
784,DAÑOS,2022-04-20,2022,17:00,TARDE,MIERCOLES,LIBERTADORES,CALLE 28 CARRERA 18,URBANA,TECNICO,3.5243,-76.29071,DESOBEDESER SEÑAL,NO APLICA,CHOQUE,MASCULINO,NO APLICA,NO APLICA,AUTOMOVIL,KIA,PALMIRA,PARTICULAR,NO APLICA,0
785,DAÑOS,2022-04-20,2022,17:00,TARDE,MIERCOLES,LIBERTADORES,CALLE 28 CARRERA 18,URBANA,TECNICO,3.5243,-76.29071,DESOBEDESER SEÑAL,NO APLICA,CHOQUE,FEMENINA,NO APLICA,NO APLICA,MOTO,SUZUKI,CALI,PARTICULAR,NO APLICA,0