,GRAVEDAD,FECHA,AÑO,HORA,JORNADA,DIA_SEMANA,BARRIO-CORREGIMIENTO-VIA,DIRECCION,ZONA,AUTORIDAD,LAT,LONG,HIPOTESIS,CONDICION_VICTIMA,TIPO_ACCIDENTE,GENERO,LESIONADO,CLINICA,CLASE_VEHICULO,MARCA,MATRICULA,TIPO DE SERVICIO,EMPRESA,HOMICIDIOS
786,HERIDOS,2022-04-20,2022,19:00,NOCHE,MIERCOLES,MUNICIPAL,CARRERA 1 CALLE 31,URBANA,TECNICO,3.52513,-76.27813,NO ESTAR PENDIENTE DE LA VIA,NO APLICA,CHOQUE,MASCULINO,NO APLICA,NO APLICA,CAMIONETA,CHEVROLET,CALI,PARTICULAR,NO APLICA,0
787,HERIDOS,2022-04-20,2022,19:00,NOCHE,MIERCOLES,MUNICIPAL,CARRERA 1 CALLE 31,URBANA,TECNICO,3.52513,-76.27813,NO ESTAR PENDIENTE DE LA VIA,MOTOCICLISTA,CHOQUE,FEMENINA,LESIONADO,PALMIRA,MOTO,AKT,CALI,PARTICULAR,NO APLICA,0
788,DAÑOS,2022-04-21,2022,00:30,MADRUGADA,JUEVES,CENTRO,CALLE 28 CARRERA 32,URBANA,TECNICO,3.52584,-76.30269,NO RESPETAR PRELACION,NO APLICA,CHOQUE,MASCULINO,NO APLICA,NO APLICA,AUTOMOVIL,HYUNDAI,PALMIRA,PUBLICO,FLOTA PALMIRA,0
789,DAÑOS,2022-04-21,2022,00:30,MADRUGADA,JUEVES,CENTRO,CALLE 28 CARRERA 32,URBANA,TECNICO,3.52584,-76.30269,NO RESPETAR PRELACION,NO APLICA,CHOQUE,MASCULINO,NO APLICA,NO APLICA,CAMIONETA,NISSAN,BOGOTA,PARTICULAR,NO APLICA,0
790,DAÑOS,2022-04-21,2022,16:00,TARDE,JUEVES,ZONA FRANCA DEL PACIFICO,OPER COMEX BODGA 96,RURAL,TECNICO,3.56205,-76.45142,REVERSO IMPRUDENTE,NO APLICA,CHOQUE,MASCULINO,NO APLICA,NO APLICA,TRACTO CAMION,KENWORTH,YUMBO,PUBLICO,NO APLICA,0
791,DAÑOS,2022-04-21,2022,16:00,TARDE,JUEVES,ZONA FRANCA DEL PACIFICO,OPER COMEX BODGA 96,RURAL,TECNICO,3.56205,-76.45142,REVERSO IMPRUDENTE,NO APLICA,CHOQUE,MASCULINO,NO APLICA,NO APLICA,CAMION,FORD,BUCARAMANGA,PUBLICO,NO APLICA,0
792,HERIDOS,2022-04-22,2022,19:45,NOCHE,VIERNES,SANTA RITA,CALLLE 36 CARRERA 29,URBANA,TECNICO,3.53295,-76.29886,SEMAFORO EN ROJO,MOTOCICLISTA,CHOQUE,MASCULINO,LESIONADO,RAUL,MOTO,HONDA,CALI,PARTICULAR,NO APLICA,0
793,HERIDOS,2022-04-22,2022,19:45,NOCHE,VIERNES,SANTA RITA,CALLLE 36 CARRERA 29,URBANA,TECNICO,3.53295,-76.29886,SEMAFORO EN ROJO,MOTOCICLISTA,CHOQUE,MASCULINO,LESIONADO,FRACTURAS,MOTO,HERO,FLORIDA,PARTICULAR,NO APLICA,0
794,HERIDOS,2022-04-22,2022,19:45,NOCHE,VIERNES,SANTA RITA,CALLLE 36 CARRERA 29,URBANA,TECNICO,3.53295,-76.29886,SEMAFORO EN ROJO,ACOMPAÑANTE MOTOCICLISTA,CHOQUE,FEMENINA,LESIONADO,FRACTURAS,NO APLICA,NO APLICA,NO APLICA,NO APLICA,NO APLICA,0
795,DAÑOS,2022-04-22,2022,13:50,TARDE,VIERNES,VERSALLES,CALLE 42 CARRERA 28,URBANA,TECNICO,3.53808,-76.29739,ADELANTAR CERRANDO,NO APLICA,CHOQUE,FEMENINA,NO APLICA,NO APLICA,CAMIONETA,FORD,CALI,PARTICULAR,NO APLICA,0
796,DAÑOS,2022-04-22,2022,13:50,TARDE,VIERNES,VERSALLES,CALLE 42 CARRERA 28,URBANA,TECNICO,3.53808,-76.29739,ADELANTAR CERRANDO,NO APLICA,CHOQUE,MASCULINO,NO APLICA,NO APLICA,BUS,HINO,GUACARI,PUBLICO,NO APLICA,0
797,DAÑOS,2022-04-22,2022,21:10,NOCHE,VIERNES,INDUSTRIAL,CALLE 42 CARRERA 35,URBANA,TECNICO,3.53875,-76.30684,NO RESPETAR PRELACION,NO APLICA,CHOQUE,MASCULINO,NO APLICA,NO APLICA,AUTOMOVIL,HYUNDAI,CALI,PARTICULAR,NO APLICA,0
798,DAÑOS,2022-04-22,2022,21:10,NOCHE,VIERNES,INDUSTRIAL,CALLE 42 CARRERA 35,URBANA,TECNICO,3.53875,-76.30684,NO RESPETAR PRELACION,NO APLICA,CHOQUE,MASCULINO,NO APLICA,NO APLICA,AUTOMOVIL,CHEVROLET,CALI,PARTICULAR,NO APLICA,0
799,DAÑOS,2022-04-22,2022,21:30,MAÑANA,VIERNES,ZAMORANO,CALLE 65 DIGONAL 31,URBANA,TECNICO,3.55471,-76.29748,NO MANTENER DISTANCIA SEGURIDAD,NO APLICA,CHOQUE,MASCULINO,NO APLICA,NO APLICA,CAMIONETA,TOYOTA,PALMIRA,PARTICULAR,NO APLICA,0
800,DAÑOS,2022-04-22,2022,21:30,MAÑANA,VIERNES,ZAMORANO,CALLE 65 DIGONAL 31,URBANA,TECNICO,3.55471,-76.29748,NO MANTENER DISTANCIA SEGURIDAD,NO APLICA,CHOQUE,FEMENINA,NO APLICA,NO APLICA,MOTO,HONDA,GUACARI,PARTICULAR,NO APLICA,0
801,HERIDOS,2022-04-22,2022,22:20,NOCHE,VIERNES,POBLADO COMFAUNION,CALLE 47A CARRERA 15,URBANA,TECNICO,3.54309,-76.28767,NO RESPETAR PRELACION,MOTOCICLISTA,CHOQUE,MASCULINO,LESIONADO,PALMIRA,MOTO,SUZUKI,PALMIRA,PARTICULAR,NO APLICA,0
802,HERIDOS,2022-04-22,2022,22:20,NOCHE,VIERNES,POBLADO COMFAUNION,CALLE 47A CARRERA 15,URBANA,TECNICO,3.54309,-76.28767,NO RESPETAR PRELACION,NO APLICA,CHOQUE,MASCULINO,NO APLICA,PALMIRA,AUTOMOVIL,HYUNDAI,PALMIRA,PUBLICO,FLOTA PALMIRA,0
803,HERIDOS,2022-04-23,2022,04:10,MADRUGADA,SABADO,RIVERA ESCOBAR,CALLE 31 CARRERA 36,URBANA,TECNICO,3.5291,-76.30651,GIRAR BRUSCAMENTE,NO APLICA,CHOQUE,MASCULINO,NO APLICA,NO APLICA,AUTOMOVIL,RENAULT,PALMIRA,PARTICULAR,NO APLICA,0
804,HERIDOS,2022-04-23,2022,04:10,MADRUGADA,SABADO,RIVERA ESCOBAR,CALLE 31 CARRERA 36,URBANA,TECNICO,3.5291,-76.30651,GIRAR BRUSCAMENTE,MOTOCICLISTA,CHOQUE,MASCULINO,LESIONADO,PALMIRA,MOTO,YAMAHA,FLORIDA,PARTICULAR,NO APLICA,0
805,DAÑOS,2022-04-23,2022,11:00,MAÑANA,SABADO,SAN PEDRO,CARRERA 19 CALLE 35,URBANA,TECNICO,3.53099,-76.29043,SEMAFORO EN ROJO,NO APLICA,CHOQUE,MASCULINO,NO APLICA,NO APLICA,CAMIONETA,CHEVROLET,PALMIRA,PARTICULAR,NO APLICA,0
806,DAÑOS,2022-04-23,2022,11:00,MAÑANA,SABADO,SAN PEDRO,CARRERA 19 CALLE 35,URBANA,TECNICO,3.53099,-76.29043,SEMAFORO EN ROJO,NO APLICA,CHOQUE,MASCULINO,NO APLICA,NO APLICA,MOTO,HONDA,FLORIDA,PARTICULAR,NO APLICA,0
807,HERIDOS,2022-04-24,2022,13:10,TARDE,DOMINGO,SAN CAYETANO,CALLE 42 CARRERA 25,URBANA,TECNICO,3.53759,-76.29451,DESOBEDESER SEÑAL,NO APLICA,CHOQUE,MASCULINO,NO APLICA,NO APLICA,AUTOMOVIL,CHEVROLET,CALI,PARTICULAR,NO APLICA,0
808,HERIDOS,2022-04-24,2022,13:10,TARDE,DOMINGO,SAN CAYETANO,CALLE 42 CARRERA 25,URBANA,TECNICO,3.53759,-76.29451,DESOBEDESER SEÑAL,MOTOCICLISTA,CHOQUE,MASCULINO,LESIONADO,PALMA,MOTO,ZOTYE,PALMIRA,PARTICULAR,NO APLICA,0
809,HERIDOS,2022-04-24,2022,13:10,TARDE,DOMINGO,SAN CAYETANO,CALLE 42 CARRERA 25,URBANA,TECNICO,3.53759,-76.29451,DESOBEDESER SEÑAL,ACOMPAÑANTE MOTOCICLISTA,CHOQUE,FEMENINA,LESIONADO,PALMA,NO APLICA,NO APLICA,NO APLICA,NO APLICA,NO APLICA,0
810,DAÑOS,2022-04-24,2022,13:20,TARDE,DOMINGO,LOS ROBLES,CARRERA 33A CALLE 19-25,URBANA,TECNICO,3.51824,-76.30542,REVERSO IMPRUDENTE,NO APLICA,CHOQUE,FEMENINA,NO APLICA,NO APLICA,CAMIONETA,MAZDA,CALI,PARTICULAR,NO APLICA,0
811,DAÑOS,2022-04-24,2022,13:20,TARDE,DOMINGO,LOS ROBLES,CARRERA 33A CALLE 19-25,URBANA,TECNICO,3.51824,-76.30542,REVERSO IMPRUDENTE,NO APLICA,CHOQUE,MASCULINO,NO APLICA,NO APLICA,MOTO,AGILITY,EL CERRITO,PARTICULAR,NO APLICA,0
812,DAÑOS,2022-04-24,2022,13:00,TARDE,DOMINGO,ALAMEDA,CARRERA 28 CALLE 71-30,URBANA,TECNICO,3.55788,-76.29114,NO MANTENER DISTANCIA SEGURIDAD,NO APLICA,CHOQUE,MASCULINO,NO APLICA,NO APLICA,AUTOMOVIL,CHEVROLET,CALI,PARTICULAR,NO APLICA,0
813,DAÑOS,2022-04-24,2022,13:00,TARDE,DOMINGO,ALAMEDA,CARRERA 28 CALLE 71-30,URBANA,TECNICO,3.55788,-76.29114,NO MANTENER DISTANCIA SEGURIDAD,NO APLICA,CHOQUE,MASCULINO,NO APLICA,NO APLICA,AUTOMOVIL,CHEVROLET,CALI,PARTICULAR,NO APLICA,0
814,DAÑOS,2022-04-25,2022,14:00,TARDE,DOMINGO,MERCEDES,CALLE 65 CARRERA 26A-73,URBANA,TECNICO,3.55135,-76.29081,NO ESTAR PENDIENTE DE LA VIA,NO APLICA,CHOQUE,MASCULINO,NO APLICA,NO APLICA,MOTO,HONDA,GUACARI,PARTICULAR,NO APLICA,0
815,DAÑOS,2022-04-25,2022,14:00,TARDE,DOMINGO,MERCEDES,CALLE 65 CARRERA 26A-73,URBANA,TECNICO,3.55135,-76.29081,NO ESTAR PENDIENTE DE LA VIA,NO APLICA,CHOQUE,MASCULINO,NO APLICA,NO APLICA,AUTOMOVIL,CHEVROLET,PALMIRA,PARTICULAR,NO APLICA,0
816,DAÑOS,2022-04-26,2022,08:20,MAÑANA,MARTES,ESTONIA,CARRERA 34C CALLE 44 -106,URBANA,TECNICO,3.54022,-76.30234,REVERSO IMPRUDENTE,NO APLICA,CHOQUE,MASCULINO,NO APLICA,NO APLICA,AUTOMOVIL,CHEVROLET,CALI,PARTICULAR,NO APLICA,0
817,DAÑOS,2022-04-26,2022,08:20,MAÑANA,MARTES,ESTONIA,CARRERA 34C CALLE 44 -106,URBANA,TECNICO,3.54022,-76.30234,REVERSO IMPRUDENTE,NO APLICA,CHOQUE,MASCULINO,NO APLICA,NO APLICA,TRACTO CAMION,CHEVROLET,BUGA,PUBLICO,NO APLICA,0
818,HERIDOS,2022-04-26,2022,10:00,MAÑANA,MARTES,RECREO,CALLE 21 CARRERA 27,URBANA,TECNICO,3.51939,-76.29917,DESOBEDESER SEÑAL,NO APLICA,CHOQUE,MASCULINO,NO APLICA,NO APLICA,AUTOMOVIL,CHEVROLET,PALMIRA,PARTICULAR,NO APLICA,0
819,HERIDOS,2022-04-26,2022,10:00,MAÑANA,MARTES,RECREO,CALLE 21 CARRERA 27,URBANA,TECNICO,3.51939,-76.29917,DESOBEDESER SEÑAL,MOTOCICLISTA,CHOQUE,MASCULINO,NO APLICA,NO APLICA,MOTO,HONDA,GUACARI,PARTICULAR,NO APLICA,0
820,DAÑOS,2022-04-26,2022,14:30,TARDE,MARTES,CENTRO,CALLE 27 CARRERA 29,URBANA,TECNICO,3.52459,-76.30019,DESOBEDESER SEÑAL,NO APLICA,CHOQUE,MASCULINO,NO APLICA,NO APLICA,AUTOMOVIL,RENAULT,CALI,PARTICULAR,NO APLICA,0
821,DAÑOS,2022-04-26,2022,14:30,TARDE,MARTES,CENTRO,CALLE 27 CARRERA 29,URBANA,TECNICO,3.52459,-76.30019,DESOBEDESER SEÑAL,NO APLICA,CHOQUE,MASCULINO,NO APLICA,NO APLICA,AUTOMOVIL,CHEVROLET,CALI,PARTICULAR,NO APLICA,0
822,DAÑOS,2022-04-26,2022,20:00,NOCHE,MARTES,MERCEDES,CALLE 54 CARRERA 28,URBANA,TECNICO,3.54665,-76.29571,ADELANTAR CERRANDO,NO APLICA,CHOQUE,MASCULINO,NO APLICA,NO APLICA,AUTOMOVIL,MINI COOPER,MANIZALES,PARTICULAR,NO APLICA,0
823,DAÑOS,2022-04-26,2022,20:00,NOCHE,MARTES,MERCEDES,CALLE 54 CARRERA 28,URBANA,TECNICO,3.54665,-76.29571,ADELANTAR CERRANDO,NO APLICA,CHOQUE,FEMENINA,NO APLICA,NO APLICA,AUTOMOVIL,KIA,CALI,PARTICULAR,NO APLICA,0
824,HERIDOS,2022-04-27,2022,05:50,MADRUGADA,MIERCOLES,CENTRO,CALLE 28 CARRERA 28,URBANA,TECNICO,3.52528,-76.29921,SEMAFORO EN ROJO,NO APLICA,CHOQUE,MASCULINO,NO APLICA,NO APLICA,AUTOMOVIL,MAZDA,PALMIRA,PARTICULAR,NO APLICA,0
825,HERIDOS,2022-04-27,2022,05:50,MADRUGADA,MIERCOLES,CENTRO,CALLE 28 CARRERA 28,URBANA,TECNICO,3.52528,-76.29921,SEMAFORO EN ROJO,MOTOCICLISTA,CHOQUE,FEMENINA,LESIONADO,PALMIRA,MOTO,HONDA,MIRANDA,PARTICULAR,NO APLICA,0
826,HERIDOS,2022-04-27,2022,13:10,TARDE,MIERCOLES,LUIS CARLOS GALAN,CARRERA 32 CALLE -10-11,URBANA,TECNICO,3.50942,-76.30792,NO ESTAR PENDIENTE DE LA VIA,NO APLICA,CHOQUE,MASCULINO,NO APLICA,NO APLICA,AUTOMOVIL,RENAULT,CALI,PARTICULAR,NO APLICA,0
827,HERIDOS,2022-04-27,2022,13:10,TARDE,MIERCOLES,LUIS CARLOS GALAN,CARRERA 32 CALLE -10-11,URBANA,TECNICO,3.50942,-76.30792,NO ESTAR PENDIENTE DE LA VIA,MOTOCICLISTA,CHOQUE,FEMENINA,LESIONADO,PALMIRA,MOTO,VICTORY,FLORIDA,PARTICULAR,NO APLICA,0
828,HERIDOS,2022-04-27,2022,13:10,TARDE,MIERCOLES,LUIS CARLOS GALAN,CARRERA 32 CALLE -10-11,URBANA,TECNICO,3.50942,-76.30792,NO ESTAR PENDIENTE DE LA VIA,NO APLICA,CHOQUE,FEMENINA,NO APLICA,NO APLICA,AUTOMOVIL,KIA,PUERTO TEJADA,PARTICULAR,NO APLICA,0
829,HERIDOS,2022-04-27,2022,13:40,TARDE,MIERCOLES,BARRIO NUEVO,CARRERA 29 CALLE 24,URBANA,TECNICO,3.52204,-76.30057,DESOBEDESER SEÑAL,MOTOCICLISTA,CHOQUE,MASCULINO,LESIONADO,IPS POSITIVA,MOTO,YAMAHA,BUGA,PARTICULAR,NO APLICA,0
830,HERIDOS,2022-04-27,2022,13:40,TARDE,MIERCOLES,BARRIO NUEVO,CARRERA 29 CALLE 24,URBANA,TECNICO,3.52204,-76.30057,DESOBEDESER SEÑAL,NO APLICA,CHOQUE,MASCULINO,NO APLICA,NO APLICA,AUTOMOVIL,NISSAN,SABANETA,PARTICULAR,NO APLICA,0
831,DAÑOS,2022-04-27,2022,18:50,NOCHE,MIERCOLES,OLIMPICO,CALLE 27 CARRERA 35-65,URBANA,TECNICO,3.52559,-76.30644,NO ESTAR PENDIENTE DE LA VIA,NO APLICA,CHOQUE,MASCULINO,NO APLICA,NO APLICA,AUTOMOVIL,CHEVROLET,CALI,PARTICULAR,NO APLICA,0
832,DAÑOS,2022-04-27,2022,18:50,NOCHE,MIERCOLES,OLIMPICO,CALLE 27 CARRERA 35-65,URBANA,TECNICO,3.52559,-76.30644,NO ESTAR PENDIENTE DE LA VIA,NO APLICA,CHOQUE,MASCULINO,NO APLICA,NO APLICA,AUTOMOVIL,CHEVROLET,ENVIGADO,PARTICULAR,NO APLICA,0
833,DAÑOS,2022-04-27,2022,19:00,NOCHE,MIERCOLES,PARAISO,VIA PALMIRA  KM  100,URBANA,TECNICO,3.51734,-76.27444,NO MANTENER DISTANCIA SEGURIDAD,NO APLICA,CHOQUE,MASCULINO,NO APLICA,NO APLICA,AUTOMOVIL,HYUNDAI,CALI,PARTICULAR,NO APLICA,0
834,DAÑOS,2022-04-27,2022,19:00,NOCHE,MIERCOLES,PARAISO,VIA PALMIRA  KM  100,URBANA,TECNICO,3.51734,-76.27444,NO MANTENER DISTANCIA SEGURIDAD,NO APLICA,CHOQUE,MASCULINO,NO APLICA,NO APLICA,CAMPERO,WILCO,PALMIRA,PUBLICO,LOS RURALES,0
835,DAÑOS,2022-04-28,2022,13:50,TARDE,JUEVES,VERSALLES,CARRERA 28 CALLE 42-03,URBANA,TECNICO,3.53823,-76.29715,PONER EN MARCHA VEHICULO SIN PRECAUCION,NO APLICA,CHOQUE,MASCULINO,NO APLICA,NO APLICA,CAMIONETA,KIA,PALMIRA,PARTICULAR,NO APLICA,0
836,DAÑOS,2022-04-28,2022,13:50,TARDE,JUEVES,VERSALLES,CARRERA 28 CALLE 42-03,URBANA,TECNICO,3.53823,-76.29715,PONER EN MARCHA VEHICULO SIN PRECAUCION,NO APLICA,CHOQUE,MASCULINO,NO APLICA,NO APLICA,BUS,CHEVROLET,CALI,PUBLICO,EXPRESO PRADERA,0
837,DAÑOS,2022-04-29,2022,07:30,MAÑANA,VIERNES,URIBE,CALLE 35 CARRERA 20,URBANA,TECNICO,3.5311,-76.29157,DESOBEDESER SEÑAL,NO APLICA,CHOQUE,MASCULINO,NO APLICA,NO APLICA,AUTOMOVIL,CHEVROLET,PALMIRA,PARTICULAR,NO APLICA,0
838,DAÑOS,2022-04-29,2022,07:30,MAÑANA,VIERNES,URIBE,CALLE 35 CARRERA 20,URBANA,TECNICO,3.5311,-76.29157,DESOBEDESER SEÑAL,NO APLICA,CHOQUE,MASCULINO,NO APLICA,NO APLICA,AUTOMOVIL,CHEVROLET,PALMIRA,PARTICULAR,NO APLICA,0
839,HERIDOS,2022-04-29,2022,19:05,NOCHE,VIERNES,INDUSTRIAL,CALLE 42 CARRERA 35,URBANA,TECNICO,3.53898,-76.30679,GIRAR BRUSCAMENTE,NO APLICA,CHOQUE,MASCULINO,NO APLICA,NO APLICA,AUTOMOVIL,CHEVROLET,PALMIRA,PARTICULAR,NO APLICA,0
840,HERIDOS,2022-04-29,2022,19:05,NOCHE,VIERNES,INDUSTRIAL,CALLE 42 CARRERA 35,URBANA,TECNICO,3.53898,-76.30679,GIRAR BRUSCAMENTE,CICLISTA,CHOQUE,MASCULINO,NO APLICA,NO APLICA,BICICLETA,NO APLICA,NO APLICA,PARTICULAR,NO APLICA,0
841,DAÑOS,2022-04-29,2022,15:10,TARDE,VIERNES,ALTAMIRA,CALLE 48 CARRERA 25,URBANA,TECNICO,3.54343,-76.29345,DESOBEDESER SEÑAL,NO APLICA,CHOQUE,MASCULINO,NO APLICA,NO APLICA,CAMIONETA,MAZDA,PASTO,PARTICULAR,NO APLICA,0
842,DAÑOS,2022-04-29,2022,15:10,TARDE,VIERNES,ALTAMIRA,CALLE 48 CARRERA 25,URBANA,TECNICO,3.54343,-76.29345,DESOBEDESER SEÑAL,NO APLICA,CHOQUE,FEMENINA,NO APLICA,NO APLICA,AUTOMOVIL,CHERY,CALI,PARTICULAR,NO APLICA,0
843,DAÑOS,2022-04-29,2022,16:00,TARDE,VIERNES,SESQUI,CARRERA 24 CALLE 12,URBANA,TECNICO,3.5104,-76.29585,GIRAR BRUSCAMENTE,NO APLICA,CHOQUE,MASCULINO,NO APLICA,NO APLICA,AUTOMOVIL,KIA,PALMIRA,PARTICULAR,NO APLICA,0
844,DAÑOS,2022-04-29,2022,16:00,TARDE,VIERNES,SESQUI,CARRERA 24 CALLE 12,URBANA,TECNICO,3.5104,-76.29585,GIRAR BRUSCAMENTE,NO APLICA,CHOQUE,MASCULINO,NO APLICA,NO APLICA,MOTO,HONDA,PALMIRA,PARTICULAR,NO APLICA,0
845,DAÑOS,2022-04-29,2022,18:20,NOCHE,VIERNES,CENTRO POBLADO ROZO,CALLE 10 N 14-58,RURAL,TECNICO,3.61494,-76.39,ADELANTAR INVADIENDO CARRIL,NO APLICA,CHOQUE,FEMENINA,NO APLICA,NO APLICA,CAMIONETA,SSANGYONGG,CALI,PARTICULAR,NO APLICA,0
846,DAÑOS,2022-04-29,2022,18:20,NOCHE,VIERNES,CENTRO POBLADO ROZO,CALLE 10 N 14-58,RURAL,TECNICO,3.61494,-76.39,ADELANTAR INVADIENDO CARRIL,NO APLICA,CHOQUE,MASCULINO,NO APLICA,NO APLICA,CAMIONETA,NISSAN,MIRANDA,PARTICULAR,NO APLICA,0
847,DAÑOS,2022-04-29,2022,19:00,NOCHE,VIERNES,BARRIO NUEVO,CALLE 23 CARRERA 32,URBANA,TECNICO,3.52147,-76.30337,GIRAR BRUSCAMENTE,NO APLICA,CHOQUE,MASCULINO,NO APLICA,NO APLICA,CAMIONETA,MAZDA,TULUA,PARTICULAR,NO APLICA,0
848,DAÑOS,2022-04-29,2022,19:00,NOCHE,VIERNES,BARRIO NUEVO,CALLE 23 CARRERA 32,URBANA,TECNICO,3.52147,-76.30337,GIRAR BRUSCAMENTE,NO APLICA,CHOQUE,MASCULINO,NO APLICA,NO APLICA,AUTOMOVIL,KIA,BOGOTA,PARTICULAR,NO APLICA,0
849,DAÑOS,2022-04-30,2022,13:50,TARDE,SABADO,INDUSTRIAL,CALLE 42 CARRERA 34B-172,URBANA,TECNICO,3.53898,-76.30653,CAMBIO DE CARRIL CON O SIN INDICACION,NO APLICA,CHOQUE,MASCULINO,NO APLICA,NO APLICA,CAMIONETA,VOLKSWAGEN,PALMIRA,PARTICULAR,NO APLICA,0
850,DAÑOS,2022-04-30,2022,13:50,TARDE,SABADO,INDUSTRIAL,CALLE 42 CARRERA 34B-172,URBANA,TECNICO,3.53898,-76.30653,CAMBIO DE CARRIL CON O SIN INDICACION,NO APLICA,CHOQUE,MASCULINO,NO APLICA,NO APLICA,MICROBUS,NON PLUS,EL CERRITO,PARTICULAR,NO APLICA,0
851,DAÑOS,2022-04-30,2022,11:30,MAÑANA,SABADO,DELICIAS,CARRERA 26 CALLE 26-58,URBANA,TECNICO,3.52324,-76.29786,PONER EN MARCHA VEHICULO SIN PRECAUCION,NO APLICA,CHOQUE,MASCULINO,NO APLICA,NO APLICA,CAMPERO,CHEVROLET,CALI,PARTICULAR,NO APLICA,0
852,DAÑOS,2022-04-30,2022,11:30,MAÑANA,SABADO,DELICIAS,CARRERA 26 CALLE 26-58,URBANA,TECNICO,3.52324,-76.29786,PONER EN MARCHA VEHICULO SIN PRECAUCION,NO APLICA,CHOQUE,FEMENINA,NO APLICA,NO APLICA,MOTO,AUTECO,CALI,PARTICULAR,NO APLICA,0
853,DAÑOS,2022-04-29,2022,14:40,TARDE,VIERNES,AEROPUERTO,SEGINDO PISO PUERTA DOS,RURAL,TECNICO,3.53607,-76.38794,NO MANTENER DISTANCIA SEGURIDAD,NO APLICA,CHOQUE,FEMENINA,NO APLICA,NO APLICA,AUTOMOVIL,VOLKSWAGEN,CALI,PARTICULAR,NO APLICA,0
854,DAÑOS,2022-04-29,2022,14:40,TARDE,VIERNES,AEROPUERTO,SEGINDO PISO PUERTA DOS,RURAL,TECNICO,3.53607,-76.38794,NO MANTENER DISTANCIA SEGURIDAD,NO APLICA,CHOQUE,FEMENINA,NO APLICA,NO APLICA,AUTOMOVIL,MAZDA,CALI,PARTICULAR,NO APLICA,0
855,HERIDOS,2022-05-01,2022,11:10,MAÑANA,DOMINGO,URIBE,CALLE 33 CARRERA 23,URBANA,TECNICO,3.52971,-76.29425,DESOBEDESER SEÑAL,NO APLICA,CHOQUE,MASCULINO,NO APLICA,NO APLICA,CAMIONETA,RENAULT,GUACARI,PARTICULAR,NO APLICA,0
856,HERIDOS,2022-05-01,2022,11:10,MAÑANA,DOMINGO,URIBE,CALLE 33 CARRERA 23,URBANA,TECNICO,3.52971,-76.29425,DESOBEDESER SEÑAL,MOTOCICLISTA,CHOQUE,FEMENINA,LESIONADO,PALMIRA,MOTO,AKT,PALMIRA,PARTICULAR,NO APLICA,0
857,HERIDOS,2022-05-01,2022,11:10,MAÑANA,DOMINGO,URIBE,CALLE 33 CARRERA 23,URBANA,TECNICO,3.52971,-76.29425,DESOBEDESER SEÑAL,ACOMPAÑANTE MOTOCICLISTA,CHOQUE,FEMENINA,LESIONADO,PALMIRA,NO APLICA,NO APLICA,NO APLICA,NO APLICA,NO APLICA,0
858,HERIDOS,2022-05-01,2022,11:10,MAÑANA,DOMINGO,URIBE,CALLE 33 CARRERA 23,URBANA,TECNICO,3.52971,-76.29425,DESOBEDESER SEÑAL,PASAJERO,CHOQUE,MASCULINO,LESIONADO,PALMIRA,NO APLICA,NO APLICA,NO APLICA,NO APLICA,NO APLICA,0
859,HERIDOS,2022-05-01,2022,11:10,MAÑANA,DOMINGO,URIBE,CALLE 33 CARRERA 23,URBANA,TECNICO,3.52971,-76.29425,DESOBEDESER SEÑAL,PASAJERO,CHOQUE,FEMENINA,LESIONADO,PALMIRA,NO APLICA,NO APLICA,NO APLICA,NO APLICA,NO APLICA,0
860,HERIDOS,2022-05-01,2022,12:30,TARDE,DOMINGO,LA VEGA,CALLE 38 CARRERA 13,URBANA,TECNICO,3.53413,-76.2858,DESOBEDESER SEÑAL,MOTOCICLISTA,CHOQUE,FEMENINA,LESIONADO,PALMIRA,MOTO,HONDA,ZARZAL,PARTICULAR,NO APLICA,0
861,HERIDOS,2022-05-01,2022,12:30,TARDE,DOMINGO,LA VEGA,CALLE 38 CARRERA 13,URBANA,TECNICO,3.53413,-76.2858,DESOBEDESER SEÑAL,MOTOCICLISTA,CHOQUE,MASCULINO,LESIONADO,PALMIRA,MOTO,HONDA,FLORIDA,PARTICULAR,NO APLICA,0
862,DAÑOS,2022-03-01,2022,20:30,NOCHE,DOMINGO,RIVERA ESCOBAR,CALLE 31 CARRERA 36,URBANA,TECNICO,3.5291,-76.30653,NO MANTENER DISTANCIA SEGURIDAD,NO APLICA,CHOQUE,MASCULINO,NO APLICA,NO APLICA,AUTOMOVIL,CHEVROLET,PALMIRA,PARTICULAR,NO APLICA,0
863,DAÑOS,2022-03-01,2022,20:30,NOCHE,DOMINGO,RIVERA ESCOBAR,CALLE 31 CARRERA 36,URBANA,TECNICO,3.5291,-76.30653,NO MANTENER DISTANCIA SEGURIDAD,NO APLICA,CHOQUE,MASCULINO,NO APLICA,NO APLICA,CAMIONETA,CHEVROLET,EL CERRITO,PARTICULAR,NO APLICA,0