,GRAVEDAD,FECHA,AÑO,HORA,JORNADA,DIA_SEMANA,BARRIO-CORREGIMIENTO-VIA,DIRECCION,ZONA,AUTORIDAD,LAT,LONG,HIPOTESIS,CONDICION_VICTIMA,TIPO_ACCIDENTE,GENERO,LESIONADO,CLINICA,CLASE_VEHICULO,MARCA,MATRICULA,TIPO DE SERVICIO,EMPRESA,HOMICIDIOS
1023,HERIDOS,2022-01-22,2022,12:50,TARDE,MIERCOLES,VIA CALI PALMIRA,KM 12 +  50 MTS,RURAL,POLICIA,3.51507,-76.38073,GIRAR BRUSCAMENTE,MOTOCICLISTA,CHOQUE,MASCULINO,LESIONADO,NO APLICA,NO APLICA,NO APLICA,NO APLICA,PARTICULAR,NO APLICA,0
1024,HERIDOS,2022-01-22,2022,15:00,TARDE,MIERCOLES,VIA CALI PALMIRA,KM 12 +  50 MTS,RURAL,POLICIA,3.51507,-76.38073,GIRAR BRUSCAMENTE,ACOMPAÑANTE MOTOCICLISTA,CHOQUE,FEMENINA,LESIONADO,NO APLICA,NO APLICA,NO APLICA,NO APLICA,NO APLICA,NO APLICA,0
1025,HERIDOS,2022-01-20,2022,15:40,TARDE,LUNES,VIA VIA CALI PALMIRA SUR,KM 5  + 650 MTS,RURAL,POLICIA,3.502,-76.43817,TRANSITAR POR SU DERECHA EN VÍAS RURALES,MOTOCICLISTA,CHOQUE,MASCULINO,LESIONADO,NO APLICA,NO APLICA,NO APLICA,NO APLICA,PARTICULAR,NO APLICA,0
1026,HERIDOS,2022-01-20,2022,08:00,MAÑANA,MARTES,VIA YUMBO LA TINAJA,KM 6,RURAL,POLICIA,3.55876,-76.43901,EMBRIAGUEZ APARENTE,CONDUCTOR,CHOQUE,MASCULINO,LESIONADO,NO APLICA,NO APLICA,NO APLICA,NO APLICA,PARTICULAR,NO APLICA,0
1027,HERIDOS,2022-01-19,2022,18:00,NOCHE,MIERCOLES,VIA SUCROMILES EL CERRITO,KM 8 + 900  MTS,RURAL,POLICIA,3.59855,-76.31498,OTRA,CONDUCTOR,CHOQUE,FEMENINA,LESIONADO,NO APLICA,NO APLICA,NO APLICA,NO APLICA,PARTICULAR,NO APLICA,0
1028,HERIDOS,2022-01-20,2022,20:00:00 p: m:,NOCHE,JUEVES,VIA SUCROMILES EL CERRITO,KM 8 + 900  MTS,RURAL,POLICIA,3.59855,-76.31498,OTRA,ACOMPAÑANTE CONDUCTOR,CHOQUE,FEMENINA,LESIONADO,NO APLICA,NO APLICA,NO APLICA,NO APLICA,NO APLICA,NO APLICA,0
1029,HERIDOS,2022-01-19,2022,05:20,MADRUGADA,DOMINGO,VIA CENCAR AEREOPUERTO,KM 1 + 320 MTS,RURAL,POLICIA,3.55349,-76.47858,EMBRIAGUEZ APARENTE,CONDUCTOR,CHOQUE,MASCULINO,LESIONADO,NO APLICA,NO APLICA,NO APLICA,NO APLICA,PARTICULAR,NO APLICA,0
1030,HERIDOS,2022-01-20,2022,02:00,MADRUGADA,LUNES,VIA CENCAR AEREOPUERTO,KM 1 + 320 MTS,RURAL,POLICIA,3.55349,-76.47858,EMBRIAGUEZ APARENTE,PEATON,CHOQUE,MASCULINO,LESIONADO,NO APLICA,NO APLICA,NO APLICA,NO APLICA,NO APLICA,NO APLICA,0
1031,HERIDOS,2022-01-18,2022,20:30,NOCHE,SABADO,VIA CANDELARIA PALMIRA,KM 43,RURAL,POLICIA,3.47615,-76.33023,GIRAR BRUSCAMENTE,MOTOCICLISTA,CHOQUE,MASCULINO,LESIONADO,NO APLICA,NO APLICA,NO APLICA,NO APLICA,PARTICULAR,NO APLICA,0
1032,HERIDOS,2022-01-18,2022,11:10,MAÑANA,SABADO,VIA VIA CALI PALMIRA SUR,KM 9+  350 MTS,RURAL,POLICIA,3.50941,-76.40422,NO MANTENER DISTANCIA SEGURIDAD,ACOMPAÑANTE CONDUCTOR,CHOQUE,FEMENINA,LESIONADO,NO APLICA,NO APLICA,NO APLICA,NO APLICA,NO APLICA,NO APLICA,0
1033,HERIDOS,2022-01-16,2022,17:00,TARDE,JUEVES,VIA CANDELARIA PALMIRA,KM 49,RURAL,POLICIA,3.52207,-76.33757,REVERSO IMPRUDENTE,MOTOCICLISTA,CHOQUE,MASCULINO,LESIONADO,NO APLICA,NO APLICA,NO APLICA,NO APLICA,PARTICULAR,NO APLICA,0
1034,HERIDOS,2022-01-14,2022,14:30,TARDE,MARTES,VIA CALI PALMIRA,KM 2 + 100 MTS,RURAL,POLICIA,3.49423,-76.46817,OTRA,CONDUCTOR,CHOQUE,MASCULINO,LESIONADO,NO APLICA,NO APLICA,NO APLICA,NO APLICA,PARTICULAR,NO APLICA,0
1035,HERIDOS,2022-01-14,2022,17:32,TARDE,MIERCOLES,VIA CALI PALMIRA,KM 2 + 100 MTS,RURAL,POLICIA,3.49423,-76.46817,OTRA,PASAJERO,CHOQUE,MASCULINO,LESIONADO,NO APLICA,NO APLICA,NO APLICA,NO APLICA,NO APLICA,NO APLICA,0
1036,HERIDOS,2022-01-13,2022,12:30,TARDE,LUNES,VIA CALI PALMIRA,KM 5 + 100 MTS,RURAL,POLICIA,3.50138,-76.44201,OTRA,MOTOCICLISTA,CHOQUE,MASCULINO,LESIONADO,NO APLICA,NO APLICA,NO APLICA,NO APLICA,PARTICULAR,NO APLICA,0
1037,HERIDOS,2022-01-12,2022,04:30,MADRUGADA,DOMINGO,VIA CALI PALMIRA,KM 14 + 400 MTS,RURAL,POLICIA,3.5204,-76.35871,OTRA,MOTOCICLISTA,CHOQUE,MASCULINO,LESIONADO,NO APLICA,NO APLICA,NO APLICA,NO APLICA,PARTICULAR,NO APLICA,0
1038,HERIDOS,2022-01-12,2022,05:30,MADRUGADA,LUNES,VIA CALI PALMIRA,KM 14 + 400 MTS,RURAL,POLICIA,3.5204,-76.35871,OTRA,PEATON,CHOQUE,FEMENINA,LESIONADO,NO APLICA,NO APLICA,NO APLICA,NO APLICA,NO APLICA,NO APLICA,0
1039,HERIDOS,2022-01-11,2022,06:40,MAÑANA,SABADO,VIA VIA CALI PALMIRA SUR,KM 11+  750 MTS,RURAL,POLICIA,3.51402,-76.38369,TRANSITAR POR LA CALZADA,CICLISTA,CHOQUE,MASCULINO,LESIONADO,NO APLICA,NO APLICA,NO APLICA,NO APLICA,PARTICULAR,NO APLICA,0
1040,HERIDOS,2022-01-11,2022,19:40,NOCHE,SABADO,VIA VIA CALI PALMIRA SUR,KM 8+  100 MTS,RURAL,POLICIA,3.50701,-76.41536,IMPERICIA EN EL MANEJO,MOTOCICLISTA,CHOQUE,MASCULINO,LESIONADO,NO APLICA,NO APLICA,NO APLICA,NO APLICA,PARTICULAR,NO APLICA,0
1041,HERIDOS,2022-01-11,2022,19:50,NOCHE,SABADO,VIA VIA CALI PALMIRA SUR,KM 8+  400 MTS,RURAL,POLICIA,3.5074,-76.41388,IMPERICIA EN EL MANEJO,ACOMPAÑANTE MOTOCICLISTA,CHOQUE,FEMENINA,LESIONADO,NO APLICA,NO APLICA,NO APLICA,NO APLICA,NO APLICA,NO APLICA,0
1042,HERIDOS,2022-01-11,2022,20:00,NOCHE,SABADO,VIA VIA CALI PALMIRA SUR,KM 8+  600 MTS,RURAL,POLICIA,3.5078,-76.41124,IMPERICIA EN EL MANEJO,ACOMPAÑANTE CONDUCTOR,CHOQUE,FEMENINA,LESIONADO,NO APLICA,NO APLICA,NO APLICA,NO APLICA,NO APLICA,NO APLICA,0
1043,HERIDOS,2022-01-08,2022,16:10,TARDE,MIERCOLES,VIA CANDELARIA PALMIRA,KM 43+  150 MTS,RURAL,POLICIA,3.47615,-76.33023,NO MANTENER DISTANCIA SEGURIDAD,MOTOCICLISTA,CHOQUE,MASCULINO,LESIONADO,NO APLICA,NO APLICA,NO APLICA,NO APLICA,PARTICULAR,NO APLICA,0
1044,HERIDOS,2022-01-08,2022,17:00,TARDE,MIERCOLES,VIA CANDELARIA PALMIRA,KM 43+  150 MTS,RURAL,POLICIA,3.47615,-76.33023,NO MANTENER DISTANCIA SEGURIDAD,ACOMPAÑANTE MOTOCICLISTA,CHOQUE,MASCULINO,LESIONADO,NO APLICA,NO APLICA,NO APLICA,NO APLICA,NO APLICA,NO APLICA,0
1045,HERIDOS,2022-01-06,2022,17:00,TARDE,LUNES,VIA CALI PALMIRA,KM 10 +  280  MTS,RURAL,POLICIA,3.51181,-76.39693,NO MANTENER DISTANCIA SEGURIDAD,MOTOCICLISTA,CHOQUE,MASCULINO,LESIONADO,NO APLICA,NO APLICA,NO APLICA,NO APLICA,PARTICULAR,NO APLICA,0
1046,HERIDOS,2022-01-03,2022,02:00,MADRUGADA,JUEVES,VIA PALMIRA AMAIME,KM 29 + 700  MTS,RURAL,POLICIA,3.59551,-76.27142,DEJAR O MOVILIZAR SEMOVIENTES EN LA VÍA,MOTOCICLISTA,CHOQUE,MASCULINO,LESIONADO,NO APLICA,NO APLICA,NO APLICA,NO APLICA,PARTICULAR,NO APLICA,0
1047,HERIDOS,2022-01-02,2022,02:00,MADRUGADA,VIERNES,VIA PALMIRA AMAIME,KM 29 + 700  MTS,RURAL,POLICIA,3.59551,-76.27142,DEJAR O MOVILIZAR SEMOVIENTES EN LA VÍA,ACOMPAÑANTE MOTOCICLISTA,CHOQUE,MASCULINO,LESIONADO,NO APLICA,NO APLICA,NO APLICA,NO APLICA,NO APLICA,NO APLICA,0
1048,DAÑOS,2022-01-01,2022,11:40,MAÑANA,SABADO,VIA PRODESAL LA TINAJA,KM 9 + 200 MTS,RURAL,POLICIA,3.5458,-76.41464,OTRA,NO APLICA,CHOQUE,MASCULINO,NO APLICA,NO APLICA,NO APLICA,NO APLICA,NO APLICA,PARTICULAR,NO APLICA,0
1049,DAÑOS,2022-01-06,2022,07:25,MAÑANA,JUEVES,VIA CENCAR AEREOPUERTO,KM 9 + 100 MTS,RURAL,POLICIA,3.54511,-76.41464,NO MANTENER DISTANCIA SEGURIDAD,NO APLICA,CHOQUE,MASCULINO,NO APLICA,NO APLICA,NO APLICA,NO APLICA,NO APLICA,PARTICULAR,NO APLICA,0
1050,DAÑOS,2022-01-07,2022,11:00,MAÑANA,VIERNES,VIA CALI PALMIRA,KM 9+ 300 MTS,RURAL,POLICIA,3.50973,-76.404,PONER EN MARCHA VEHICULO SIN PRECAUCION,NO APLICA,CHOQUE,MASCULINO,NO APLICA,NO APLICA,NO APLICA,NO APLICA,NO APLICA,PARTICULAR,NO APLICA,0
1051,DAÑOS,2022-01-14,2022,23:00,NOCHE,VIERNES,VIA CALI PALMIRA,KM 16 + 700 MTS,RURAL,POLICIA,3.52378,-76.34186,OTRA,NO APLICA,CHOQUE,MASCULINO,NO APLICA,NO APLICA,NO APLICA,NO APLICA,NO APLICA,PARTICULAR,NO APLICA,0
1052,DAÑOS,2022-01-30,2022,17:20,TARDE,SABADO,VIA PALMASECA EL CERRITO,KM 14 + 560 MTS,RURAL,POLICIA,3.62505,-76.39333,GIRAR BRUSCAMENTE,NO APLICA,CHOQUE,MASCULINO,NO APLICA,NO APLICA,NO APLICA,NO APLICA,NO APLICA,PARTICULAR,NO APLICA,0
1053,MUERTO,2022-02-05,2022,05:30,MADRUGADA,SABADO,VIA PALMASECA EL CERRITO,KM 12 + 1609 MTS,RURAL,POLICIA,3.61127,-76.40006,NO MANTENER DISTANCIA SEGURIDAD,MOTOCICLISTA,CHOQUE,MASCULINO,MUERTO,NO APLICA,MOTO,NO APLICA,NO APLICA,PARTICULAR,NO APLICA,1
1054,MUERTO,2022-02-06,2022,14:05,TARDE,DOMINGO,VIA SUCROMILES EL CERRITO,KM 47 + 600 MTS,RURAL,POLICIA,3.5116,-76.33612,PERDIDA DEL CONTROL DEL VEHICULO,ACOMPAÑANTE CONDUCTOR,CHOQUE MURO,FEMENINA,MUERTO,NO APLICA,AUTOMOVIL,NO APLICA,NO APLICA,PARTICULAR,NO APLICA,1
1055,MUERTO,2022-02-06,2022,14:05,TARDE,DOMINGO,VIA SUCROMILES EL CERRITO,KM 47 + 600 MTS,RURAL,POLICIA,3.5116,-76.33612,PERDIDA DEL CONTROL DEL VEHICULO,ACOMPAÑANTE CONDUCTOR,CHOQUE MURO,FEMENINA,LESIONADO,NO APLICA,AUTOMOVIL,NO APLICA,NO APLICA,PARTICULAR,NO APLICA,0
1056,MUERTO,2022-02-10,2022,07:50,MAÑANA,JUEVES,VIA PALMASECA EL CERRITO,KM 7 + 60 MTS,RURAL,POLICIA,3.56643,-76.41105,NO RESPETAR PRELACION,MOTOCICLISTA,CHOQUE,MASCULINO,MUERTO,NO APLICA,MOTO,BAJAJ,NO APLICA,PARTICULAR,NO APLICA,1
1057,MUERTO,2022-02-13,2022,03:50,MADRUGADA,DOMINGO,VIA VIA CALI PALMIRA SUR,KM 19 + 50 MTS,RURAL,POLICIA,3.53296,-76.32238,PERDIDA DEL CONTROL DEL VEHICULO,MOTOCICLISTA,CHOQUE ARBOL,MASCULINO,MUERTO,NO APLICA,MOTO,NO APLICA,NO APLICA,PARTICULAR,NO APLICA,1
1058,MUERTO,2022-02-17,2022,16:30,TARDE,JUEVES,VIA CALI PALMIRA,KM 16 + 160 MTS,RURAL,POLICIA,3.52303,-76.34556,NO CONSERVAR DIASTANCIA DE SEGURIDAD,MOTOCICLISTA,CHOQUE,MASCULINO,MUERTO,NO APLICA,MOTO,HONDA,NO APLICA,PARTICULAR,NO APLICA,1
1059,HERIDOS,2022-02-28,2022,07:00,MAÑANA,LUNES,VIA CANDELARIA PALMIRA,KM 42 + 450 MTS,RURAL,POLICIA,3.46991,-76.33087,ADELANTAR INVADIENDO CARRIL,MOTOCICLISTA,CHOQUE,MASCULINO,LESIONADO,NO APLICA,MOTO,NO APLICA,NO APLICA,PARTICULAR,NO APLICA,0
1060,HERIDOS,2022-02-24,2022,08:00,MAÑANA,JUEVES,VIA CALI PALMIRA,KM 0+ 500 MTS,RURAL,POLICIA,3.49338,-76.47944,GIRAR BRUSCAMENTE,MOTOCICLISTA,CHOQUE,MASCULINO,LESIONADO,NO APLICA,MOTO,NO APLICA,NO APLICA,PARTICULAR,NO APLICA,0
1061,HERIDOS,2022-02-24,2022,08:00,MAÑANA,JUEVES,VIA CALI PALMIRA,KM 0+ 500 MTS,RURAL,POLICIA,3.49338,-76.47944,GIRAR BRUSCAMENTE,ACOMPAÑANTE MOTOCICLISTA,CHOQUE,MASCULINO,LESIONADO,NO APLICA,MOTO,NO APLICA,NO APLICA,PARTICULAR,NO APLICA,0
1062,HERIDOS,2022-02-20,2022,08:20,MAÑANA,DOMINGO,VIA CALI PALMIRA,KM 10 +  110 MTS,RURAL,POLICIA,3.51167,-76.39769,NO MANTENER DISTANCIA DE SEGURIDAD,MOTOCICLISTA,CHOQUE,MASCULINO,LESIONADO,NO APLICA,MOTO,NO APLICA,NO APLICA,PARTICULAR,NO APLICA,0
1063,HERIDOS,2022-02-18,2022,01:50,MADRUGADA,VIERNES,VIA CALI PALMIRA,KM 11,RURAL,POLICIA,3.51279,-76.38981,NO MANTENER DISTANCIA DE SEGURIDAD,CONDUCTOR,CHOQUE,FEMENINA,LESIONADO,NO APLICA,AUTOMOVIL,NO APLICA,NO APLICA,PARTICULAR,NO APLICA,0
1064,HERIDOS,2022-02-18,2022,01:50,MADRUGADA,VIERNES,VIA CALI PALMIRA,KM 11,RURAL,POLICIA,3.51279,-76.38981,NO MANTENER DISTANCIA DE SEGURIDAD,ACOMPAÑANTE CONDUCTOR,CHOQUE,MASCULINO,LESIONADO,NO APLICA,MOTO,NO APLICA,NO APLICA,PARTICULAR,NO APLICA,0
1065,HERIDOS,2022-02-16,2022,15:00,TARDE,MIERCOLES,VIA SUCROMILES EL CERRITO,KM 8,RURAL,POLICIA,3.59185,-76.318,NO MANTENER DISTANCIA DE SEGURIDAD,MOTOCICLISTA,CHOQUE,MASCULINO,LESIONADO,NO APLICA,MOTO,NO APLICA,NO APLICA,PARTICULAR,NO APLICA,0
1066,HERIDOS,2022-02-16,2022,20:40,NOCHE,MIERCOLES,VIA CALI PALMIRA,KM 16,RURAL,POLICIA,3.52311,-76.34534,NO MANTENER DISTANCIA DE SEGURIDAD,MOTOCICLISTA,CHOQUE,MASCULINO,LESIONADO,NO APLICA,MOTO,NO APLICA,NO APLICA,PARTICULAR,NO APLICA,0
1067,HERIDOS,2022-02-13,2022,05:10,MADRUGADA,DOMINGO,VIA CALI PALMIRA,KM 14,RURAL,POLICIA,3.5187,-76.36351,DEJAR OBSTÁCULOS EN LA VÍA,MOTOCICLISTA,CHOQUE,MASCULINO,LESIONADO,NO APLICA,MOTO,NO APLICA,NO APLICA,PARTICULAR,NO APLICA,0
1068,HERIDOS,2022-02-11,2022,11:42,MAÑANA,VIERNES,VIA CANDELARIA PALMIRA,KM 43 +100 MTS,RURAL,POLICIA,3.47488,-76.33023,NO MANTENER DISTANCIA DE SEGURIDAD,MOTOCICLISTA,CHOQUE,FEMENINA,LESIONADO,NO APLICA,MOTO,NO APLICA,NO APLICA,PARTICULAR,NO APLICA,0
1069,HERIDOS,2022-02-10,2022,06:30,MAÑANA,JUEVES,VIA PALMASECA ROZO CERRITO,KM 7 +  60 MTS,RURAL,POLICIA,3.56311,-76.41237,NO RESPETAR PRELACIÓN.,MOTOCICLISTA,CHOQUE,FEMENINA,LESIONADO,NO APLICA,MOTO,NO APLICA,NO APLICA,PARTICULAR,NO APLICA,0
1070,HERIDOS,2022-02-06,2022,06:00,MAÑANA,DOMINGO,VIA CALI PALMIRA,KM 11,RURAL,POLICIA,3.51279,-76.38981,DEJAR OBSTÁCULOS EN LA VÍA,MOTOCICLISTA,CHOQUE MURO,MASCULINO,LESIONADO,NO APLICA,MOTO,NO APLICA,NO APLICA,PARTICULAR,NO APLICA,0
1071,HERIDOS,2022-02-06,2022,14:05,TARDE,DOMINGO,VIA CANDELARIA PALMIRA,KM 47  + 600 MTS,RURAL,POLICIA,3.5121,-76.33645,OTRA,ACOMPAÑANTE CONDUCTOR,CHOQUE,FEMENINA,LESIONADO,NO APLICA,AUTOMOVIL,NO APLICA,NO APLICA,PARTICULAR,NO APLICA,0
1072,HERIDOS,2022-02-06,2022,14:05,TARDE,DOMINGO,VIA CANDELARIA PALMIRA,KM 47 +  600 MTS,RURAL,POLICIA,3.5121,-76.33645,OTRA,ACOMPAÑANTE CONDUCTOR,CHOQUE,MASCULINO,LESIONADO,NO APLICA,AUTOMOVIL,NO APLICA,NO APLICA,PARTICULAR,NO APLICA,0
1073,HERIDOS,2022-02-04,2022,18:00,NOCHE,VIERNES,VIA CANDELARIA PALMIRA,KM 43,RURAL,POLICIA,3.47462,-76.33025,GIRAR BRUSCAMENTE,MOTOCICLISTA,CHOQUE,MASCULINO,LESIONADO,NO APLICA,MOTO,NO APLICA,NO APLICA,PARTICULAR,NO APLICA,0
1074,HERIDOS,2022-02-03,2022,17:00,TARDE,JUEVES,VIA CALI PALMIRA,KM 16 +  600 MTS,RURAL,POLICIA,3.52406,-76.33957,NO MANTENER DISTANCIA DE SEGURIDAD,CICLISTA,CHOQUE,FEMENINA,LESIONADO,NO APLICA,BICICLETA,NO APLICA,NO APLICA,PARTICULAR,NO APLICA,0
1075,HERIDOS,2022-02-03,2022,17:00,TARDE,JUEVES,VIA CALI PALMIRA,KM 16 +  600 MTS,RURAL,POLICIA,3.52406,-76.33957,NO MANTENER DISTANCIA DE SEGURIDAD,MOTOCICLISTA,CHOQUE,MASCULINO,LESIONADO,NO APLICA,MOTO,NO APLICA,NO APLICA,PARTICULAR,NO APLICA,0
1076,HERIDOS,2022-02-03,2022,10:30,MAÑANA,JUEVES,VIA CALI PALMIRA,KM 12 + 500  MTS,RURAL,POLICIA,3.51627,-76.37579,OTRA,CONDUCTOR,CHOQUE,MASCULINO,LESIONADO,NO APLICA,AUTOMOVIL,NO APLICA,NO APLICA,PARTICULAR,NO APLICA,0
1077,HERIDOS,2022-02-03,2022,17:00,TARDE,JUEVES,VIA CALI PALMIRA,KM 16+  600 MTS,RURAL,POLICIA,3.52406,-76.33957,NO MANTENER DISTANCIA DE SEGURIDAD,ACOMPAÑANTE MOTOCICLISTA,CHOQUE,FEMENINA,LESIONADO,NO APLICA,MOTO,NO APLICA,NO APLICA,PARTICULAR,NO APLICA,0
1078,HERIDOS,2022-02-03,2022,10:30,MAÑANA,JUEVES,VIA CALI PALMIRA,KM 12 +  500 MTS,RURAL,POLICIA,3.51627,-76.37579,OTRA,ACOMPAÑANTE CONDUCTOR,CHOQUE,MASCULINO,LESIONADO,NO APLICA,AUTOMOVIL,NO APLICA,NO APLICA,PARTICULAR,NO APLICA,0
1079,DAÑOS,2022-02-06,2022,06:00,MAÑANA,DOMINGO,VIA CANDELARIA  PALMIRA,KM 43+ 600 MTS,RURAL,POLICIA,3.47583,-76.3303,NO MANTENER DISTANCIA DE SEGURIDAD,NO APLICA,CHOQUE,MASCULINO,NO APLICA,NO APLICA,NO APLICA,NO APLICA,NO APLICA,PARTICULAR,NO APLICA,0
1080,DAÑOS,2022-02-08,2022,15:30,TARDE,MARTES,VIA LA TINAJA PRODESAL,KM 9+ 400 MTS,RURAL,POLICIA,3.55012,-76.41859,"FALTA DE PRECAUCION POR NIEBLA, LLUVIA O HUMO",NO APLICA,CHOQUE,MASCULINO,NO APLICA,NO APLICA,NO APLICA,NO APLICA,NO APLICA,PARTICULAR,NO APLICA,0
1081,DAÑOS,2022-02-11,2022,10:20,MAÑANA,JUEVES,VIA CALI PALMIRA,KM 17+ 800 MTS,RURAL,POLICIA,3.52637,-76.32995,OTRA,NO APLICA,CHOQUE,MASCULINO,NO APLICA,NO APLICA,NO APLICA,NO APLICA,NO APLICA,PARTICULAR,NO APLICA,0
1082,DAÑOS,2022-02-14,2022,03:30,MADRUGADA,SABADO,VIA CENCAR AEROPUERTO,KM 13+ 100 MTS,RURAL,POLICIA,3.52986,-76.39065,OTRA,NO APLICA,CHOQUE,MASCULINO,NO APLICA,NO APLICA,NO APLICA,NO APLICA,NO APLICA,PUBLICO,NO APLICA,0
1083,DAÑOS,2022-02-16,2022,14:40,TARDE,MIERCOLES,VIA CANDELARIA  PALMIRA,KM 42+ 300 MTS,RURAL,POLICIA,3.46694,-76.33174,NO MANTENER DISTANCIA DE SEGURIDAD,NO APLICA,CHOQUE,MASCULINO,NO APLICA,NO APLICA,NO APLICA,NO APLICA,NO APLICA,PUBLICO,NO APLICA,0
1084,DAÑOS,2022-02-20,2022,08:05,MAÑANA,DOMINGO,VIA CENCAR AEROPUERTO,KM 10+ 350 MTS,RURAL,POLICIA,3.54318,-76.41254,OTRA,NO APLICA,CHOQUE,MASCULINO,NO APLICA,NO APLICA,NO APLICA,NO APLICA,NO APLICA,PARTICULAR,NO APLICA,0
1085,MUERTO,2022-03-04,2022,07:10,MAÑANA,VIERNES,VIA CENCAR AEROPUERTO,KM 6 + 285 MTS,RURAL,POLICIA,3.55835,-76.4329,NO MANTENER DISTANCIA DE SEGURIDAD,MOTOCICLISTA,CHOQUE,MASCULINO,MUERTO,NO APLICA,MOTO,NO APLICA,NO APLICA,PARTICULAR,NO APLICA,1
1086,MUERTO,2022-03-04,2022,07:10,MAÑANA,VIERNES,VIA CENCAR AEROPUERTO,KM 6 + 285 MTS,RURAL,POLICIA,3.55835,-76.4329,NO MANTENER DISTANCIA DE SEGURIDAD,ACOMPAÑANTE MOTOCICLISTA,CHOQUE,MASCULINO,LESIONADO,NO APLICA,NO APLICA,NO APLICA,NO APLICA,NO APLICA,NO APLICA,0
1087,MUERTO,2022-03-04,2022,16:44,TARDE,VIERNES,VIA PALMIRA PRADERA,KM 82 + 500 MTS,RURAL,POLICIA,3.51298,-76.26921,FALLAS EN LA LLANTA,MOTOCICLISTA,CHOQUE,MASCULINO,MUERTO,NO APLICA,MOTO,HONDA,NO APLICA,PARTICULAR,NO APLICA,1
1088,MUERTO,2022-03-06,2022,05:30,MADRUGADA,DOMINGO,VIA CALI PALMIRA,KM 9 + 625 MTS,RURAL,POLICIA,3.5082,-76.41099,PERDIDA DEL CONTROL DEL VEHICULO,CONDUCTOR,CHOQUE ARBOL,MASCULINO,MUERTO,NO APLICA,AUTOMOVIL,KIA,NO APLICA,PARTICULAR,NO APLICA,1
1089,MUERTO,2022-03-06,2022,05:30,MADRUGADA,DOMINGO,VIA CALI PALMIRA,KM 9 + 625 MTS,RURAL,POLICIA,3.5082,-76.41099,PERDIDA DEL CONTROL DEL VEHICULO,ACOMPAÑANTE CONDUCTOR,CHOQUE ARBOL,MASCULINO,MUERTO,NO APLICA,AUTOMOVIL,KIA,NO APLICA,PARTICULAR,NO APLICA,1
1090,MUERTO,2022-03-20,2022,05:45,MADRUGADA,DOMINGO,VIA VIA CALI PALMIRA SUR,KM 7 + 625 MTS,RURAL,POLICIA,3.50622,-76.41856,FALTA E PRECUACION POR LLUVIA,MOTOCICLISTA,CHOQUE,MASCULINO,MUERTO,NO APLICA,MOTO,SUZUKI,NO APLICA,PARTICULAR,NO APLICA,1
1091,MUERTO,2022-03-25,2022,00:10,MADRUGADA,VIERNES,VIA CALI PALMIRA,KM 06 + 100 MTS,RURAL,POLICIA,3.50352,-76.4333,OBJETO SOBRE LA VIA,MOTOCICLISTA,CHOQUE LLANTA,MASCULINO,MUERTO,NO APLICA,MOTO,HONDA,NO APLICA,PARTICULAR,NO APLICA,1
1092,MUERTO,2022-03-25,2022,11:00,MAÑANA,VIERNES,VIA CALI PALMIRA,KM 13 + 50 MTS,RURAL,POLICIA,3.51709,-76.37183,PERDIDA DEL CONTROL DEL VEHICULO,MOTOCICLISTA,CHOQUE MURO,MASCULINO,MUERTO,NO APLICA,MOTO,YAMAHA,NO APLICA,PARTICULAR,NO APLICA,1
1093,MUERTO,2022-03-26,2022,22:15,NOCHE,SABADO,ZAMORANO,CARRERA 28 CALLE 65,URBANA,TECNICO,3.55225,-76.29357,POR ESTABLECER,CICLISTA,VOLCAMIENTO,MASCULINO,MUERTO,NO APLICA,BICICLETA,TURISMO,NO APLICA,PARTICULAR,NO APLICA,1
1094,MUERTO,2022-03-28,2022,18:15,NOCHE,LUNES,VIA CENCAR AEROPUERTO,KM 0 + 570 MTS,RURAL,POLICIA,3.54917,-76.48533,NO MANTENER DISTANCIA DE SEGURIDAD,MOTOCICLISTA,CHOQUE,MASCULINO,MUERTO,NO APLICA,MOTO,BAJAJ,NO APLICA,PARTICULAR,NO APLICA,1
1095,MUERTO,2022-04-01,2022,01:00,MADRUGADA,VIERNES,VIA CALI PALMIRA SUR,KM 2+ 700 MTS,RURAL,POLICIA,3.49634,-76.46227,TRANSITA CONTRA VIA,MOTOCICLISTA,CHOQUE,MASCULINO,MUERTO,NO APLICA,MOTO,AUTECO,NO APLICA,PARTICULAR,NO APLICA,1
1096,MUERTO,2022-04-01,2022,01:00,MADRUGADA,VIERNES,VIA CALI PALMIRA SUR,KM 2+ 700 MTS,RURAL,POLICIA,3.49634,-76.46227,TRANSITA CONTRA VIA,ACOMPAÑANTE MOTOCICLISTA,CHOQUE,FEMENINA,MUERTO,NO APLICA,MOTO,AUTECO,NO APLICA,PARTICULAR,NO APLICA,1