,GRAVEDAD,FECHA,AÑO,HORA,JORNADA,DIA_SEMANA,BARRIO-CORREGIMIENTO-VIA,DIRECCION,ZONA,AUTORIDAD,LAT,LONG,HIPOTESIS,CONDICION_VICTIMA,TIPO_ACCIDENTE,GENERO,LESIONADO,CLINICA,CLASE_VEHICULO,MARCA,MATRICULA,TIPO DE SERVICIO,EMPRESA,HOMICIDIOS
1097,MUERTO,2022-04-03,2022,21:40,NOCHE,DOMINGO,VIA CALI PALMIRA SUR,KM 18 + 150 MTS,RURAL,POLICIA,3.52699,-76.32713,PERDIDA DEL CONTROL DEL VEHICULO,ACOMPAÑANTE CONDUCTOR,CHOQUE,MASCULINO,MUERTO,NO APLICA,AUTOMOVIL,CHEVROLET,NO APLICA,PARTICULAR,NO APLICA,1
1098,MUERTO,2022-04-03,2022,21:40,NOCHE,DOMINGO,VIA CALI PALMIRA SUR,KM 18 + 150 MTS,RURAL,POLICIA,3.52699,-76.32713,PERDIDA DEL CONTROL DEL VEHICULO,MOTOCICLISTA,CHOQUE,MASCULINO,MUERTO,NO APLICA,MOTO,CHEVROLET,NO APLICA,PARTICULAR,NO APLICA,1
1099,MUERTO,2022-04-03,2022,21:40,NOCHE,DOMINGO,VIA CALI PALMIRA SUR,KM 18 + 150 MTS,RURAL,POLICIA,3.52699,-76.32713,PERDIDA DEL CONTROL DEL VEHICULO,CONDUCTOR,CHOQUE,MASCULINO,LESIONADO,PALMA,NO APLICA,NO APLICA,NO APLICA,NO APLICA,NO APLICA,0
1100,MUERTO,2022-04-03,2022,21:40,NOCHE,DOMINGO,VIA CALI PALMIRA SUR,KM 18 + 150 MTS,RURAL,POLICIA,3.52699,-76.32713,PERDIDA DEL CONTROL DEL VEHICULO,ACOMPAÑANTE CONDUCTOR,CHOQUE,FEMENINA,LESIONADO,PALMIRA,NO APLICA,NO APLICA,NO APLICA,NO APLICA,NO APLICA,0
1101,MUERTO,2022-04-03,2022,21:40,NOCHE,DOMINGO,VIA CALI PALMIRA SUR,KM 18 + 150 MTS,RURAL,POLICIA,3.52699,-76.32713,PERDIDA DEL CONTROL DEL VEHICULO,ACOMPAÑANTE CONDUCTOR,CHOQUE,FEMENINA,LESIONADO,VALLE LILI,NO APLICA,NO APLICA,NO APLICA,NO APLICA,NO APLICA,0
1102,MUERTO,2022-04-03,2022,21:40,NOCHE,DOMINGO,VIA CALI PALMIRA SUR,KM 18 + 150 MTS,RURAL,POLICIA,3.52699,-76.32713,PERDIDA DEL CONTROL DEL VEHICULO,ACOMPAÑANTE CONDUCTOR,CHOQUE,FEMENINA,LESIONADO,SANTA BARBARA,NO APLICA,NO APLICA,NO APLICA,NO APLICA,NO APLICA,0
1103,MUERTO,2022-04-03,2022,21:40,NOCHE,DOMINGO,VIA CALI PALMIRA SUR,KM 18 + 150 MTS,RURAL,POLICIA,3.52699,-76.32713,PERDIDA DEL CONTROL DEL VEHICULO,ACOMPAÑANTE CONDUCTOR,CHOQUE,FEMENINA,LESIONADO,SANTA BARBARA,NO APLICA,NO APLICA,NO APLICA,NO APLICA,NO APLICA,0
1104,MUERTO,2022-04-10,2022,05:00,MADRUGADA,DOMINGO,VIA CALI PALMIRA SUR,KM 6 + 350 MTS,RURAL,POLICIA,3.50384,-76.43034,"NO UTILIZAR DISPÒSITIVOS LUMINOSOS, NO HCER UNOS CICLORUTA",CICLISTA,CHOQUE,MASCULINO,MUERTO,NO APLICA,BICICLETA,NO APLICA,NO APLICA,PARTICULAR,NO APLICA,1
1105,MUERTO,2022-04-10,2022,05:00,MADRUGADA,DOMINGO,VIA CALI PALMIRA SUR,KM 6 + 350 MTS,RURAL,POLICIA,3.50384,-76.43034,"NO UTILIZAR DISPÒSITIVOS LUMINOSOS, NO HCER UNOS CICLORUTA",NO APLICA,CHOQUE,MASCULINO,NO APLICA,NO APLICA,CAMIONETA,NO APLICA,NO APLICA,PARTICULAR,NO APLICA,0
1106,MUERTO,2022-04-24,2022,19:30,NOCHE,DOMINGO,VIA PALMIRA PRADERA,KM 79,RURAL,POLICIA,3.50293,-76.23968,NO ESTAR PENDIENTE DE LA VIA,MOTOCICLISTA,CHOQUE,MASCULINO,MUERTO,NO APLICA,MOTO,YAMAHA,NO APLICA,PARTICULAR,NO APLICA,1
1107,MUERTO,2022-04-24,2022,19:30,NOCHE,DOMINGO,VIA PALMIRA PRADERA,KM 79,RURAL,POLICIA,3.50293,-76.23968,NO ESTAR PENDIENTE DE LA VIA,NO APLICA,CHOQUE,MASCULINO,NO APLICA,NO APLICA,TRACTO CAMION,KENWORTH,NO APLICA,PARTICULAR,NO APLICA,0
1108,MUERTO,2022-04-29,2022,02:30,MADRUGADA,VIERNES,VIA VIA CALI PALMIRA SUR,KM 8 + 750 MTS,RURAL,POLICIA,3.50822,-76.40944,TRANSITA CONTRA VIA,MOTOCICLISTA,CHOQUE,MASCULINO,MUERTO,NO APLICA,MOTO,HONDA,NO APLICA,PARTICULAR,NO APLICA,1
1109,MUERTO,2022-04-29,2022,02:30,MADRUGADA,VIERNES,VIA VIA CALI PALMIRA SUR,KM 8 + 750 MTS,RURAL,POLICIA,3.50822,-76.40944,TRANSITA CONTRA VIA,NO APLICA,CHOQUE,FEMENINA,NO APLICA,NO APLICA,CAMIONETA,NISSAN,NO APLICA,PARTICULAR,NO APLICA,0
1110,HERIDOS,2022-03-30,2022,15:00,TARDE,DOMINGO,VIA PALMASECA ROZO EL CERRITO,KM 4 + 335 MTS,RURAL,POLICIA,3.54267,-76.42085,NO HACER USO DE SEÑALES REFLECTIVAS O LUMINOSASS.,CONDUCTOR,CHOQUE,MASCULINO,LESIONADO,NO APLICA,AUTOMOVIL,NO APLICA,NO APLICA,NO APLICA,NO APLICA,0
1111,HERIDOS,2022-03-28,2022,17:20,TARDE,MARTES,VIA CENCAR AEREOPUERTO,KM 0 +  550 MTS,RURAL,POLICIA,3.54927,-76.4851,NO MANTENER DISTANCIA DE SEGURIDAD,MOTOCICLISTA,CHOQUE,MASCULINO,LESIONADO,NO APLICA,MOTO,NO APLICA,NO APLICA,NO APLICA,NO APLICA,0
1112,HERIDOS,2022-03-26,2022,07:40,MAÑANA,SABADO,VIA CALI PALMIRA,KM 9 + 780 MTS,RURAL,POLICIA,3.51047,-76.40197,NO MANTENER DISTANCIA DE SEGURIDAD,ACOMPAÑANTE MOTOCICLISTA,CHOQUE,FEMENINA,LESIONADO,NO APLICA,NO APLICA,NO APLICA,NO APLICA,PARTICULAR,NO APLICA,0
1113,HERIDOS,2022-03-25,2022,13:00,TARDE,VIERNES,VIA CALI PALMIRA,KM 13 + 50 MTS,RURAL,POLICIA,3.51668,-76.37201,OTRA,ACOMPAÑANTE MOTOCICLISTA,CHOQUE,FEMENINA,LESIONADO,NO APLICA,NO APLICA,NO APLICA,NO APLICA,PARTICULAR,NO APLICA,0
1114,HERIDOS,2022-03-25,2022,13:00,TARDE,VIERNES,VIA CALI PALMIRA,KM 13 + 50 MTS,RURAL,POLICIA,3.51668,-76.37201,OTRA,ACOMPAÑANTE MOTOCICLISTA,CHOQUE,MASCULINO,LESIONADO,NO APLICA,NO APLICA,NO APLICA,NO APLICA,PARTICULAR,NO APLICA,0
1115,HERIDOS,2022-03-22,2022,08:00,MAÑANA,MARTES,VIA CENCAR AEREOPUERTO,KM 13 + 150 MTS,RURAL,POLICIA,3.5295,-76.39075,CRUZAR SIN OBSERVAR,PEATON,ATROPELLO,FEMENINA,LESIONADO,NO APLICA,NO APLICA,NO APLICA,NO APLICA,PARTICULAR,NO APLICA,0
1116,HERIDOS,2022-03-21,2022,17:10,TARDE,LUNES,VIA CALI PALMIRA,KM 18+  200 MTS,RURAL,POLICIA,3.52654,-76.32828,OTRA,CONDUCTOR,CHOQUE,MASCULINO,LESIONADO,NO APLICA,NO APLICA,NO APLICA,NO APLICA,PARTICULAR,NO APLICA,0
1117,HERIDOS,2022-03-21,2022,12:30,TARDE,LUNES,VIA SUCROMILES EL CERRITO,KM 0 + 200 MTS,RURAL,POLICIA,3.52813,-76.33755,VEHÍCULO MAL ESTACIONADO,ACOMPAÑANTE CONDUCTOR,CHOQUE,MASCULINO,LESIONADO,NO APLICA,NO APLICA,NO APLICA,NO APLICA,PARTICULAR,NO APLICA,0
1118,HERIDOS,2022-03-20,2022,05:20,MADRUGADA,DOMINGO,VIA CALI PALMIRA,KM 4 + 700 MTS,RURAL,POLICIA,3.5003,-76.44582,OTRA,MOTOCICLISTA,CHOQUE,FEMENINA,LESIONADO,NO APLICA,NO APLICA,NO APLICA,NO APLICA,PARTICULAR,NO APLICA,0
1119,HERIDOS,2022-03-19,2022,18:15,NOCHE,SABADO,VIA PALMASECA ROZO EL CERRITO,KM 10  + 850 MTS,RURAL,POLICIA,3.5939,-76.40111,ADELANTAR CERRANDO,MOTOCICLISTA,CHOQUE,MASCULINO,LESIONADO,NO APLICA,NO APLICA,NO APLICA,NO APLICA,PARTICULAR,NO APLICA,0
1120,HERIDOS,2022-03-19,2022,18:15,NOCHE,SABADO,VIA PALMASECA ROZO EL CERRITO,KM 10  + 850 MTS,RURAL,POLICIA,3.5939,-76.40111,ADELANTAR CERRANDO,ACOMPAÑANTE MOTOCICLISTA,CHOQUE,FEMENINA,LESIONADO,NO APLICA,NO APLICA,NO APLICA,NO APLICA,PARTICULAR,NO APLICA,0
1121,HERIDOS,2022-03-15,2022,19:10,NOCHE,MARTES,VIA CALI PALMIRA,KM 3 + 350 MTS,RURAL,POLICIA,3.49732,-76.45779,NO MANTENER DISTANCIA DE SEGURIDAD,MOTOCICLISTA,CHOQUE,MASCULINO,LESIONADO,NO APLICA,NO APLICA,NO APLICA,NO APLICA,PARTICULAR,NO APLICA,0
1122,HERIDOS,2022-03-15,2022,13:20,TARDE,MARTES,VIA CANDELARIA PALMIRA,KM 44 +510 MTS,RURAL,POLICIA,3.49811,-76.32979,ADELANTAR INVADIENDO CARRIL,PASAJERO,CHOQUE,MASCULINO,LESIONADO,NO APLICA,NO APLICA,NO APLICA,NO APLICA,PUBLICO,NO APLICA,0
1123,HERIDOS,2022-03-12,2022,20:00,NOCHE,SABADO,VIA CENCAR AEREOPUERTO,KM 12+  500 MTS,RURAL,POLICIA,3.53594,-76.39832,NO MANTENER DISTANCIA DE SEGURIDAD,MOTOCICLISTA,CHOQUE,MASCULINO,LESIONADO,NO APLICA,NO APLICA,NO APLICA,NO APLICA,PARTICULAR,NO APLICA,0
1124,HERIDOS,2022-03-11,2022,15:15,TARDE,VIERNES,VIA PALMASECA ROZO EL CERRITO,KM 7+ 450 MTS,RURAL,POLICIA,3.56777,-76.41076,OTRA,CONDUCTOR,CHOQUE,MASCULINO,LESIONADO,NO APLICA,NO APLICA,NO APLICA,NO APLICA,PARTICULAR,NO APLICA,0
1125,HERIDOS,2022-03-08,2022,11:00,MAÑANA,MARTES,VIA CALI PALMIRA,KM 9 + 300 MTS,RURAL,POLICIA,3.50978,-76.40367,OTRA,MOTOCICLISTA,CHOQUE,MASCULINO,LESIONADO,NO APLICA,NO APLICA,NO APLICA,NO APLICA,PARTICULAR,NO APLICA,0
1126,HERIDOS,2022-03-06,2022,07:00,MAÑANA,DOMINGO,VIA CALI PALMIRA,KM 9 + 300 MTS,RURAL,POLICIA,3.50978,-76.40367,NO MANTENER DISTANCIA DE SEGURIDAD,MOTOCICLISTA,CHOQUE,MASCULINO,LESIONADO,NO APLICA,NO APLICA,NO APLICA,NO APLICA,PARTICULAR,NO APLICA,0
1127,HERIDOS,2022-03-03,2022,00:00,MADRUGADA,JUEVES,VIA CALI PALMIRA,KM 5 + 540 MTS,RURAL,POLICIA,3.50282,-76.43633,NO MANTENER DISTANCIA DE SEGURIDAD,MOTOCICLISTA,CHOQUE,MASCULINO,LESIONADO,NO APLICA,NO APLICA,NO APLICA,NO APLICA,PARTICULAR,NO APLICA,0
1128,HERIDOS,2022-03-02,2022,06:00,MAÑANA,MIERCOLES,VIA SUCROMILES EL CERRITO,KM 4 + 200 MTS,RURAL,POLICIA,3.56047,-76.33499,OTRA,CONDUCTOR,CHOQUE,MASCULINO,LESIONADO,NO APLICA,NO APLICA,NO APLICA,NO APLICA,PARTICULAR,NO APLICA,0
1129,HERIDOS,2022-03-01,2022,20:30,NOCHE,MARTES,VIA CANDELARIA PALMIRA,KM 46 + 500 MTS,RURAL,POLICIA,3.50207,-76.33162,ADELANTAR EN ZONA PROHIBIDA,PEATON,ATROPELLO,MASCULINO,LESIONADO,NO APLICA,NO APLICA,NO APLICA,NO APLICA,PARTICULAR,NO APLICA,0
1130,DAÑOS,2022-03-04,2022,16:30,TARDE,VIERNES,VIA PALMASECA ROZO EL CERRITO,KM 3+ 600 MTS,RURAL,POLICIA,3.55685,-76.41415,OTRA,NO APLICA,CHOQUE,MASCULINO,NO APLICA,NO APLICA,NO APLICA,NO APLICA,NO APLICA,PARTICULAR,NO APLICA,0
1131,DAÑOS,2022-03-08,2022,16:20,TARDE,MARTES,VIA CENCAR AEREOPUERTO,KM 13+ 130 MTS,RURAL,POLICIA,3.52935,-76.39088,NO MANTENER DISTANCIA DE SEGURIDAD,NO APLICA,CHOQUE,MASCULINO,NO APLICA,NO APLICA,NO APLICA,NO APLICA,NO APLICA,PARTICULAR,NO APLICA,0
1132,DAÑOS,2022-03-09,2022,07:20,MAÑANA,MIERCOLES,VIA CALI PALMIRA,KM 18+ 300 MTS,RURAL,POLICIA,3.53156,-76.32353,FRENAR BRUSCAMENTE,NO APLICA,CHOQUE,MASCULINO,NO APLICA,NO APLICA,NO APLICA,NO APLICA,NO APLICA,PARTICULAR,NO APLICA,0
1133,DAÑOS,2022-03-12,2022,14:30,TARDE,SABADO,VIA CALI PALMIRA,KM 12+ 050 MTS,RURAL,POLICIA,3.51505,-76.38069,OTRA,NO APLICA,CHOQUE,MASCULINO,NO APLICA,NO APLICA,NO APLICA,NO APLICA,NO APLICA,PARTICULAR,NO APLICA,0
1134,DAÑOS,2022-03-15,2022,19:00,NOCHE,MARTES,VIA CALI PALMIRA,KM 3+ 350 MTS,RURAL,POLICIA,3.49794,-76.45654,NO MANTENER DISTANCIA DE SEGURIDAD,NO APLICA,CHOQUE,MASCULINO,NO APLICA,NO APLICA,NO APLICA,NO APLICA,NO APLICA,PARTICULAR,NO APLICA,0
1135,DAÑOS,2022-03-18,2022,20:50,NOCHE,LUNES,VIA MULALO PRODESAL,KM 3+ 500 MTS,RURAL,POLICIA,3.62056,-76.44349,OTRA,NO APLICA,CHOQUE,MASCULINO,NO APLICA,NO APLICA,NO APLICA,NO APLICA,NO APLICA,PARTICULAR,NO APLICA,0
1136,DAÑOS,2022-03-20,2022,05:00,MADRUGADA,MIERCOLES,VIA CALI PALMIRA,KM 15+ 890 MTS,RURAL,POLICIA,3.5228,-76.34683,OTRA,NO APLICA,CHOQUE,MASCULINO,NO APLICA,NO APLICA,NO APLICA,NO APLICA,NO APLICA,PARTICULAR,NO APLICA,0
1137,DAÑOS,2022-03-21,2022,08:00,MAÑANA,JUEVES,VIA SUCROMILES EL CERRITO,KM 3,RURAL,POLICIA,3.54988,-76.33815,OTRA,NO APLICA,CHOQUE,MASCULINO,NO APLICA,NO APLICA,NO APLICA,NO APLICA,NO APLICA,PARTICULAR,NO APLICA,0
1138,DAÑOS,2022-03-30,2022,18:40,NOCHE,MIERCOLES,VIA CALI PALMIRA,KM 10+ 700 MTS,RURAL,POLICIA,3.51304,-76.38994,EMBRIAGUEZ APARENTE,NO APLICA,CHOQUE,MASCULINO,NO APLICA,NO APLICA,NO APLICA,NO APLICA,NO APLICA,PARTICULAR,NO APLICA,0
1139,MUERTO,2022-05-09,2022,18:30,NOCHE,LUNES,VIA PALMASECA EL CERRITO,KM 6 + 100 MTS,RURAL,POLICIA,3.55355,-76.41492,NO ESTAR ATENTO A LOS OBSTACULOS SOBRE LA VIA,MOTOCICLISTA,CHOQUE,MASCULINO,MUERTO,NO APLICA,MOTO,BAJAJ,BUGA,PARTICULAR,NO APLICA,1
1140,MUERTO,2022-05-09,2022,18:30,NOCHE,LUNES,VIA PALMASECA EL CERRITO,KM 6 + 100 MTS,RURAL,POLICIA,3.55355,-76.41492,NO ESTAR ATENTO A LOS OBSTACULOS SOBRE LA VIA,NO APLICA,CHOQUE,MASCULINO,NO APLICA,NO APLICA,CAMION,HINO,CALI,PUBLICO,NO APLICA,0
1141,MUERTO,2022-05-09,2022,18:30,NOCHE,LUNES,VIA PALMASECA EL CERRITO,KM 6 + 100 MTS,RURAL,POLICIA,3.55355,-76.41492,NO ESTAR ATENTO A LOS OBSTACULOS SOBRE LA VIA,NO APLICA,CHOQUE,MASCULINO,NO APLICA,NO APLICA,CAMIONETA,CHEVROLET,CALI,PARTICULAR,NO APLICA,0
1142,MUERTO,2022-05-09,2022,18:30,NOCHE,LUNES,VIA PALMASECA EL CERRITO,KM 6 + 100 MTS,RURAL,POLICIA,3.55355,-76.41492,NO ESTAR ATENTO A LOS OBSTACULOS SOBRE LA VIA,NO APLICA,CHOQUE,MASCULINO,NO APLICA,NO APLICA,CAMIONETA,CHEVROLET,GUACARI,PARTICULAR,NO APLICA,0
1143,HERIDOS,2022-04-29,2022,18:40,NOCHE,VIERNES,VIA PALMASECA EL CERRITO,KM 9 + 300 MTS,RURAL,POLICIA,3.58518,-76.40416,ADELANTAR INVADIENDO CARRIL,MOTOCICLISTA,CHOQUE,FEMENINA,LESIONADO,NO APLICA,MOTO,NO APLICA,NO APLICA,PARTICULAR,NO APLICA,0
1144,HERIDOS,2022-04-29,2022,18:40,NOCHE,SABADO,VIA PALMASECA EL CERRITO,KM 9 + 300 MTS,RURAL,POLICIA,3.58518,-76.40416,ADELANTAR INVADIENDO CARRIL,ACOMPAÑANTE MOTOCICLISTA,CHOQUE,MASCULINO,LESIONADO,NO APLICA,NO APLICA,NO APLICA,NO APLICA,NO APLICA,NO APLICA,0
1145,HERIDOS,2022-04-26,2022,14:25,TARDE,MARTES,VIA CALI  PALMIRA,KM 12 +  200 MTS,RURAL,POLICIA,3.5154,-76.37925,NO MANTENER DISTANCIA DE SEGURIDAD,MOTOCICLISTA,CHOQUE,MASCULINO,LESIONADO,NO APLICA,MOTO,NO APLICA,NO APLICA,PARTICULAR,NO APLICA,0
1146,HERIDOS,2022-04-12,2022,13:10,TARDE,MIERCOLES,VIA  PALMIRA CANDELARIA,KM 41+  760 MTS,RURAL,POLICIA,3.46297,-76.33398,TRANSITAR POR SU DERECHA EN VÍAS RURALES,PEATON,ATROPELLO,FEMENINA,LESIONADO,NO APLICA,NO APLICA,NO APLICA,NO APLICA,NO APLICA,NO APLICA,0
1147,HERIDOS,2022-04-08,2022,16:00,TARDE,VIERNES,VIA CENCAR AEREOPUERTO,KM 2 +  330 MTS,RURAL,POLICIA,3.55603,-76.46893,ADELANTAR POR LA DERECHA,MOTOCICLISTA,CHOQUE,MASCULINO,LESIONADO,NO APLICA,MOTO,NO APLICA,NO APLICA,PARTICULAR,NO APLICA,0
1148,HERIDOS,2022-04-08,2022,07:40,MAÑANA,SABADO,VIA  PALMIRA CANDELARIA,KM 43 + 400 MTS,RURAL,POLICIA,3.47784,-76.32988,GIRAR BRUSCAMENTE,MOTOCICLISTA,CHOQUE,MASCULINO,LESIONADO,NO APLICA,MOTO,NO APLICA,NO APLICA,PARTICULAR,NO APLICA,0
1149,HERIDOS,2022-04-05,2022,19:00,NOCHE,MARTES,VIA CALI  PALMIRA,KM 14  + 755 MTS,RURAL,POLICIA,3.52037,-76.35706,CRUZAR SIN OBSERVAR,MOTOCICLISTA,ATROPELLO,MASCULINO,LESIONADO,NO APLICA,NO APLICA,NO APLICA,NO APLICA,PARTICULAR,NO APLICA,0
1150,HERIDOS,2022-04-05,2022,19:00,NOCHE,MIERCOLES,VIA CALI  PALMIRA,KM 14  + 755 MTS,RURAL,POLICIA,3.52037,-76.35706,CRUZAR SIN OBSERVAR,ACOMPAÑANTE MOTOCICLISTA,ATROPELLO,FEMENINA,LESIONADO,NO APLICA,NO APLICA,NO APLICA,NO APLICA,NO APLICA,NO APLICA,0
1151,HERIDOS,2022-04-05,2022,19:00,NOCHE,JUEVES,VIA CALI  PALMIRA,KM 14  + 755 MTS,RURAL,POLICIA,3.52037,-76.35706,CRUZAR SIN OBSERVAR,PEATON,ATROPELLO,MASCULINO,LESIONADO,NO APLICA,NO APLICA,NO APLICA,NO APLICA,NO APLICA,NO APLICA,0
1152,HERIDOS,2022-04-05,2022,15:30,TARDE,VIERNES,VIA SUCROMILES EL CERRITO,KM 7  + 200 MTS,RURAL,POLICIA,3.58486,-76.32329,OTRA,MOTOCICLISTA,CHOQUE,MASCULINO,LESIONADO,NO APLICA,NO APLICA,NO APLICA,NO APLICA,PARTICULAR,NO APLICA,0
1153,HERIDOS,2022-04-05,2022,15:30,TARDE,SABADO,VIA SUCROMILES EL CERRITO,KM 7  + 200 MTS,RURAL,POLICIA,3.58486,-76.32329,OTRA,ACOMPAÑANTE MOTOCICLISTA,CHOQUE,MASCULINO,LESIONADO,NO APLICA,NO APLICA,NO APLICA,NO APLICA,NO APLICA,NO APLICA,0
1154,HERIDOS,2022-04-04,2022,00:00,MADRUGADA,LUNES,VIA  PALMIRA CANDELARIA,KM 43,RURAL,POLICIA,3.46608,-76.33202,EMBRIAGUEZ APARENTE,MOTOCICLISTA,CHOQUE,MASCULINO,LESIONADO,NO APLICA,MOTO,NO APLICA,NO APLICA,PARTICULAR,NO APLICA,0
1155,HERIDOS,2022-04-04,2022,00:00,MADRUGADA,MARTES,VIA  PALMIRA CANDELARIA,KM 41+  760 MTS,RURAL,POLICIA,3.46297,-76.33398,EMBRIAGUEZ APARENTE,ACOMPAÑANTE MOTOCICLISTA,CHOQUE,FEMENINA,LESIONADO,NO APLICA,NO APLICA,NO APLICA,NO APLICA,NO APLICA,NO APLICA,0
1156,HERIDOS,2022-04-04,2022,14:10,TARDE,MIERCOLES,VIA CALI  PALMIRA,KM 0 800 MTS,RURAL,POLICIA,3.49347,-76.47963,FALLAS EN LAS LLANTAS,MOTOCICLISTA,CHOQUE,FEMENINA,LESIONADO,NO APLICA,MOTO,NO APLICA,NO APLICA,PARTICULAR,NO APLICA,0
1157,HERIDOS,2022-04-03,2022,15:30,TARDE,DOMINGO,VIA CALI  PALMIRA,KM 0 800 MTS,RURAL,POLICIA,3.49347,-76.47963,NO MANTENER DISTANCIA DE SEGURIDAD,MOTOCICLISTA,CHOQUE,MASCULINO,LESIONADO,NO APLICA,MOTO,NO APLICA,NO APLICA,PARTICULAR,NO APLICA,0
1158,DAÑOS,2022-04-02,2022,13:05,TARDE,SABADO,VIA PALMASECA EL CERRITO,KM 0+ 240 MTS,RURAL,POLICIA,3.50552,-76.43376,OTRA,NO APLICA,CHOQUE,MASCULINO,NO APLICA,NO APLICA,NO APLICA,NO APLICA,NO APLICA,PARTICULAR,NO APLICA,0
1159,DAÑOS,2022-04-06,2022,13:25,TARDE,MIERCOLES,VIA CENCAR AEREOPUERTO,KM 12+ 800 MTS,RURAL,POLICIA,3.53325,-76.39022,FALLAS EN LAS LLANTAS,NO APLICA,CHOQUE,MASCULINO,NO APLICA,NO APLICA,NO APLICA,NO APLICA,NO APLICA,PARTICULAR,NO APLICA,0
1160,DAÑOS,2022-04-06,2022,17:00,TARDE,JUEVES,VIA CENCAR AEREOPUERTO,KM 2+ 300 MTS,RURAL,POLICIA,3.55485,-76.47283,OTRA,NO APLICA,CHOQUE,MASCULINO,NO APLICA,NO APLICA,NO APLICA,NO APLICA,NO APLICA,PARTICULAR,NO APLICA,0
1161,DAÑOS,2022-04-11,2022,08:20,MAÑANA,LUNES,VIA PALMASECA EL CERRITO,KM 15+ 300 MTS,RURAL,POLICIA,3.61734,-76.39805,NO MANTENER DISTANCIA DE SEGURIDAD,NO APLICA,CHOQUE,MASCULINO,NO APLICA,NO APLICA,NO APLICA,NO APLICA,NO APLICA,PARTICULAR,NO APLICA,0
1162,DAÑOS,2022-04-12,2022,07:10,MAÑANA,MARTES,VIA PALMIRA CANDELARIA,KM 47+ 900 MTS,RURAL,POLICIA,3.51515,-76.33776,OTRA,NO APLICA,CHOQUE,FEMENINA,NO APLICA,NO APLICA,NO APLICA,NO APLICA,NO APLICA,PARTICULAR,NO APLICA,0
1163,DAÑOS,2022-04-12,2022,08:14,MAÑANA,MIERCOLES,VIA SUCROMILES EL CERRITO,KM 5+ 200 MTS,RURAL,POLICIA,3.54555,-76.33848,NO MANTENER DISTANCIA DE SEGURIDAD,NO APLICA,CHOQUE,MASCULINO,NO APLICA,NO APLICA,NO APLICA,NO APLICA,NO APLICA,PARTICULAR,NO APLICA,0
1164,DAÑOS,2022-04-12,2022,16:50,TARDE,JUEVES,VIA CENCAR AEREOPUERTO,KM 9+ 750 MTS,RURAL,POLICIA,3.54333,-76.41303,NO RESPETAR PRELACIÓN DE INTERSECCIONES O GIROS,NO APLICA,CHOQUE,MASCULINO,NO APLICA,NO APLICA,NO APLICA,NO APLICA,NO APLICA,PARTICULAR,NO APLICA,0
1165,DAÑOS,2022-04-12,2022,19:20,NOCHE,VIERNES,VIA CALI PALMIRA,KM 1+ 760 MTS,RURAL,POLICIA,3.49371,-76.47188,OTRA,NO APLICA,CHOQUE,MASCULINO,NO APLICA,NO APLICA,NO APLICA,NO APLICA,NO APLICA,PARTICULAR,NO APLICA,0
1166,DAÑOS,2022-04-17,2022,13:10,TARDE,DOMINGO,VIA CALI PALMIRA,KM 7+ 75 MTS,RURAL,POLICIA,3.50639,-76.41828,NO MANTENER DISTANCIA DE SEGURIDAD,NO APLICA,CHOQUE,MASCULINO,NO APLICA,NO APLICA,NO APLICA,NO APLICA,NO APLICA,PARTICULAR,NO APLICA,0
1167,DAÑOS,2022-04-19,2022,20:25,NOCHE,MARTES,VIA PALMIRA CANDELARIA,KM 44+ 800 MTS,RURAL,POLICIA,3.49054,-76.32754,OTRA,NO APLICA,CHOQUE,MASCULINO,NO APLICA,NO APLICA,NO APLICA,NO APLICA,NO APLICA,PARTICULAR,NO APLICA,0
1168,DAÑOS,2022-04-20,2022,19:50,NOCHE,MIERCOLES,VIA SUCROMILES EL CERRITO,KM 2+ 500 MTS,RURAL,POLICIA,3.54555,-76.33848,NO MANTENER DISTANCIA DE SEGURIDAD,NO APLICA,CHOQUE,MASCULINO,NO APLICA,NO APLICA,NO APLICA,NO APLICA,NO APLICA,PARTICULAR,NO APLICA,0
1169,DAÑOS,2022-04-22,2022,18:35,NOCHE,JUEVES,VIA CALI PALMIRA,KM 9+ 895 MTS,RURAL,POLICIA,3.51119,-76.39949,NO MANTENER DISTANCIA DE SEGURIDAD,NO APLICA,CHOQUE,MASCULINO,NO APLICA,NO APLICA,NO APLICA,NO APLICA,NO APLICA,PARTICULAR,NO APLICA,0
1170,DAÑOS,2022-04-29,2022,13:33,TARDE,VIERNES,VIA CENCAR AEREOPUERTO,KM 5+ 100 MTS,RURAL,POLICIA,3.5594,-76.44768,NO MANTENER DISTANCIA DE SEGURIDAD,NO APLICA,CHOQUE,MASCULINO,NO APLICA,NO APLICA,NO APLICA,NO APLICA,NO APLICA,PARTICULAR,NO APLICA,0